Feature1,Feature2,True_Label,Cluster
-8.413395949316797,6.935165454942587,3,3
-5.766484133137309,-6.4311707226662085,2,1
-6.042136822368686,-6.766101506157329,2,1
3.9508374869177354,0.6984031297435442,1,2
4.250491809182694,-0.2815447457364275,1,2
-6.794107503805643,-6.477221174981061,2,1
5.210175612737046,2.8890483018664668,1,2
-5.505135679097548,-6.360376879428958,2,1
-6.543755990054278,-4.833898948315181,2,1
6.449642285990636,0.7477661774598778,1,2
5.146282829340905,1.3553542347570309,1,2
-5.986541728006499,7.232531694776772,3,3
-2.210608079692545,8.11396081246013,0,0
-5.502152282147801,-9.235860498710712,2,1
-5.960466333557416,-8.46023293803643,2,1
-5.059980641182495,-6.66753422281609,2,1
-3.684077561557106,8.531193853889809,0,0
-1.6885515512976932,8.710997149547481,0,0
-1.0465180229261235,8.793700055945113,0,0
5.130269896874346,1.6445188907274355,1,2
4.587851505147929,2.324491782745513,1,2
-8.232732621131095,7.287229505912329,3,3
-9.300379182914622,8.493013713902712,3,3
-12.021110105148903,6.411789934857055,3,3
3.7051680465909547,1.13995400520035,1,2
4.723466204661143,3.614456961647155,1,2
-3.5587858850416287,9.335255994299654,0,0
-3.5245806235116883,9.931800561459623,0,0
-6.609785964421052,-4.792106163759048,2,1
5.04045423503199,3.3076158773758877,1,2
-6.224219936531745,-5.094140181096435,2,1
-9.012343191264035,-4.628109115342717,2,1
-6.917167629268986,-5.653460144475516,2,1
-1.7262852746274038,9.4597631380481,0,0
-4.2356879891862045,9.57783315571683,0,0
-8.397990858386066,5.288650208563595,3,3
-7.750412365858354,-5.997241986645032,2,1
3.807079546188304,4.794905288101617,1,2
-8.07152385734854,9.38401073324314,3,3
-8.77292408707733,9.866099476144832,3,3
7.462915580940652,3.9912997531731986,1,2
-7.856754196572942,-7.605938344357429,2,1
3.9084695001193612,1.3243324022113008,1,2
-9.340490754795821,6.718050220635708,3,3
7.413312978646119,3.663017228262368,1,2
-4.871812736110458,5.069067422905974,3,0
-3.485161476735491,8.283598052551277,0,0
4.78887729437194,3.1002503689984158,1,2
-11.651086461104628,7.496062034219829,3,3
4.534630269040131,-0.5182717163332553,1,2
-7.883236299141145,-5.320252562181832,2,1
-1.159797809902874,9.475235409513235,0,0
5.252257969799809,-0.5807057224160284,1,2
-9.997644258371423,7.934101346185506,3,3
-1.4417753059194154,7.327322990441518,0,0
-12.041839077604052,12.030145715988693,3,3
-4.102653193641908,9.724674774151094,0,0
-1.222708188249721,8.77437833325318,0,0
-3.956582813922907,10.043363318195981,0,0
-4.370768610894715,-6.251581079226879,2,1
-7.781678657078091,-6.400436692062141,2,1
-3.501877320205332,10.292936130392658,0,0
-6.920584000416168,-8.28001153188574,2,1
-7.854476591841369,7.615627207576866,3,3
3.570610162212355,2.1328150254785774,1,2
0.7067185109352385,9.965164661675338,0,0
-8.210865457854421,-7.536297043761063,2,1
-7.604406884600331,-4.519129448340897,2,1
3.9706036864059318,-0.8611414124775645,1,2
-3.3038379287033086,9.784187277868355,0,0
-7.958287054423098,6.611167430564916,3,3
-3.1842958302716156,9.94856102671957,0,0
3.720695800501522,1.3916173440367556,1,2
-6.987029080272366,-6.935942948040709,2,1
6.116362433942977,1.6521864176024685,1,2
-9.56244303990906,5.893530003110635,3,3
5.662716070667568,4.743230672544782,1,2
-2.3931451615813226,7.722359826205926,0,0
5.434585103101026,4.1355226149275826,1,2
-3.9877866925560657,9.770355901475089,0,0
-8.745422044238197,-7.919467389969808,2,1
-2.378627020695493,8.56577510249952,0,0
-4.110628267126642,8.800716900666382,0,0
-2.9061828729096844,13.094539878082749,0,0
6.250326461017759,0.43339673482414165,1,2
-8.272677165782731,7.279628694971236,3,3
-7.7158648686630205,-8.934814062644563,2,1
-5.022202584000817,-6.848202228171854,2,1
-2.8880498501424907,7.142611355251047,0,0
-2.1228720369686034,8.902617254549071,0,0
-3.9814605996246764,9.707441339593228,0,0
-0.347287689453577,6.860492901429162,0,0
5.4163673669317856,0.8845539642105336,1,2
3.1336676860999995,0.8214733362845394,1,2
-7.638414903722936,4.899057002843821,3,3
3.8634618876738442,2.3088516113990796,1,2
-9.276044660009326,4.978736702453718,3,3
-1.6289119823523448,12.29996956691329,0,0
2.5286112941513696,0.8064446525544191,1,2
-8.058611381913195,-8.876959023612613,2,1
4.920028982943719,0.8400952854107482,1,2
-10.052733036518479,7.959614482194838,3,3
-9.031134023794406,4.500749347252245,3,3
-6.4388152791873665,10.247139884761157,0,3
-7.012589975397765,9.605496993382381,3,3
2.2640246009995164,3.113791668157178,1,2
6.770635208212884,1.1170502433165175,1,2
-1.2889217969982456,7.167989653547389,0,0
-6.138581911727162,-6.4890989445400855,2,1
-3.2001557794924316,10.599969467526694,0,0
-6.568153141772814,8.26974044233087,3,3
-5.501012466669617,-7.315521409558924,2,1
3.0182838448282556,2.8970730943571277,1,2
5.722386932292954,0.2795920271148882,1,2
8.30850680565334,2.167001456903573,1,2
5.0055799068849,1.1270517378356395,1,2
-7.130309761830888,-6.456239667543497,2,1
-10.193880547731203,7.810061838081108,3,3
-5.741234306471123,-6.4583224573218825,2,1
4.125847445107578,1.4160083849470448,1,2
-2.0877098214502015,8.08023684846743,0,0
-8.010574074451284,-7.301122208576108,2,1
-9.851095169097583,7.1067449094254265,3,3
4.580546105443119,2.995420729999669,1,2
-8.8781096455096,6.000710938657127,3,3
-6.70025663853004,-8.33971300459828,2,1
3.9057196724507683,3.53941099954434,1,2
-9.302141372210805,6.195288307112828,3,3
-6.8063370856627134,-6.819222056470123,2,1
2.9557958038846532,2.546784303216808,1,2
-4.46590187381003,10.018794951443379,0,0
-7.199791497546582,-4.644020388001019,2,1
4.906430337627982,-0.02984685412442012,1,2
-7.829467204831913,10.173345817841525,3,3
5.874634712170973,2.083146634723338,1,2
-6.011448297734097,9.638388207906987,3,0
-1.4014977530596346,9.271338549983277,0,0
-6.542949463311312,-5.309462139357715,2,1
3.988134495079628,1.509411498737773,1,2
4.565683271749452,2.9853989221906376,1,2
-3.3932447584690673,10.288689273729858,0,0
-3.2799979990577905,7.425465845364894,0,0
-8.004921057630838,7.457893937381576,3,3
-10.026957638135952,6.861580621040143,3,3
-10.682652148314636,8.068571750353486,3,3
5.883987208003335,-1.343533279571096,1,2
3.683798145268325,3.75669448060206,1,2
-2.561265277610615,7.261269071769023,0,0
-3.5868639549314043,8.694115400630551,0,0
-2.7010740102739,7.580975467297683,0,0
-2.3715564582494966,6.032932756296982,0,0
-8.58563629223159,9.299919218910642,3,3
-6.064226959259622,-7.4360310914051055,2,1
-7.672552213775905,-6.000563565143307,2,1
-5.078899416689066,11.04509468944644,0,0
4.956405037032029,1.8281000161351435,1,2
-3.2372429447964053,9.137097337277805,0,0
5.379855687549435,2.250423869483043,1,2
4.993300673390951,3.1294674747711824,1,2
-8.626998386269204,4.670863867154425,3,3
-6.397591367975861,-6.24722846192302,2,1
-4.309642233636414,8.512534274436899,0,0
2.1985651794033574,2.045297103932805,1,2
-9.633935250806214,-6.118122602907131,2,1
-0.060580667155297085,6.869074061257372,0,0
-4.296152868856723,9.999116541149066,0,0
7.4098343302996,0.36804253445150303,1,2
-4.416604450946716,-5.365383959261996,2,1
-7.637713468794487,8.454959910219065,3,3
-5.079006329234632,-7.8654510117330405,2,1
4.505275294797261,4.133345507114941,1,2
-1.200716667971733,9.28929913680585,0,0
-4.781984216350579,11.064597529365109,0,0
5.525861082266565,3.6362250548150934,1,2
-2.188057006857444,7.14567796013034,0,0
-7.886245553793356,8.988072678433038,3,3
-4.803217963385492,-6.034245913197407,2,1
-8.888172742602702,7.011347629589894,3,3
-6.591553516416223,-7.343784289579698,2,1
-9.130690177165032,9.0241780607993,3,3
5.260031191063653,4.788363402777831,1,2
2.623203069676686,0.5951917642144346,1,2
-3.995002110748783,8.164839533794163,0,0
-5.901142873531141,-9.24469782875232,2,1
-2.5629366817176775,11.36125161191933,0,0
-6.143164763693893,-5.77779291420122,2,1
5.775361761196129,0.5899216976742938,1,2
-12.474688147045423,8.649591010040277,3,3
-3.2170954217369,10.64771202364937,0,0
-5.862738384142366,-7.6119767054945005,2,1
4.634475027592249,0.23562265015191786,1,2
-1.4739816354860813,8.412455420369568,0,0
5.013954361794235,4.339349603585943,1,2
2.304935075942246,2.8821846109591913,1,2
-2.521156585027676,11.234202336533361,0,0
-7.149252380477758,7.246432330115974,3,3
-4.2883124360002025,-6.225624088764898,2,1
-5.217352966044995,-8.439968483964243,2,1
-6.723325535223456,-6.97399928512523,2,1
-9.641320035566894,7.187722992042462,3,3
-3.2216155897941845,8.034292279337754,0,0
-3.747065133980179,-7.089494035508707,2,1
3.973438946113934,2.5391204235080105,1,2
-3.7793882001553576,6.742015291169524,0,0
6.961136638223194,4.666986193584014,1,2
3.6459431978093315,2.829067686830471,1,2
-6.071493202481716,-8.261119982894996,2,1
-3.3049493444685414,8.150558767231301,0,0
5.045564074897859,1.8978125197670266,1,2
-9.269117791448775,-6.219397486335348,2,1
-4.628487505199804,-5.604776980105707,2,1
-8.01890138463046,7.33315632021511,3,3
-8.44684098218282,-9.829644477339949,2,1
-8.362513851877646,-8.535493569099604,2,1
5.627695245237347,4.988476492090257,1,2
-1.8434684808334074,10.176237208342327,0,0
-6.902591964910763,-6.011172343874314,2,1
-2.527567782323122,7.6684045709695745,0,0
-10.689851064455894,6.434826526769362,3,3
5.6872138066484865,2.5633977620733566,1,2
-8.92066875756044,7.751854027785188,3,3
-9.778403593520958,8.61711312407284,3,3
-4.4878695963138115,-8.150551615753438,2,1
-1.973674394105179,7.9749217353073405,0,0
-9.090543484513194,6.615387048953012,3,3
-2.536967327041335,8.581298169818114,0,0
4.235066433288044,0.505024110267271,1,2
-7.402605392763059,-7.40399614975359,2,1
-8.673451784204047,-6.213205590945735,2,1
-3.668435444859108,8.659058218088308,0,0
-2.0650172074558863,9.405869036468156,0,0
-8.937478905548303,-9.300451690091059,2,1
-4.065066854542435,8.72877811107291,0,0
-10.606887443375713,9.105041998191048,3,3
-7.139234927577075,-6.856741021903745,2,1
-8.085139043105865,-4.421434385109846,2,1
-8.96234878540006,7.140901652923778,3,3
-6.054549042614442,-8.3326262755714,2,1
-4.586924551532473,-6.118355958841511,2,1
5.529530723180677,1.5088500249697465,1,2
-5.084769938654533,-7.117903952816402,2,1
-12.066050858629968,6.244792936635073,3,3
-5.7120855769013135,-7.706888167768747,2,1
4.933646718874623,0.505610517518184,1,2
-9.509310600124136,9.245047458101372,3,3
2.109123589630106,10.693648495350187,0,0
2.71942223822176,3.2818556763609488,1,2
-2.3637036755636727,9.907021666353693,0,0
5.192888799537453,1.383161465449691,1,2
4.540759138257126,0.156645384297047,1,2
3.625290383139197,4.674580333306956,1,2
4.571499811694855,2.3381788579247695,1,2
-8.340357260782488,7.609272435167303,3,3
4.8320354585942855,0.9515921977284107,1,2
5.893417004325814,0.27860940195430484,1,2
-5.38522696198056,-7.620744468017915,2,1
-2.5405500139989723,9.190277203161495,0,0
-7.4483188026325005,-7.185480133429489,2,1
-6.822621973898969,-6.700062603198555,2,1
4.279390738990899,1.4109384726163356,1,2
3.5491730724907984,1.6018917306134748,1,2
2.1357709145460437,2.788209972510635,1,2
-9.537382509438373,4.93146831459851,3,3
4.9346605907803065,3.0366753203235004,1,2
-9.57160188931542,5.644096765565187,3,3
-7.289508450123524,9.013580620740079,3,3
-5.7806670753279015,-7.00118446343882,2,1
5.147623447469723,1.35023781308953,1,2
-0.7402518469570105,9.115563850313485,0,0
-8.70571742719824,9.539818037081595,3,3
6.025919365038453,1.6958164792762485,1,2
0.9627902269575128,6.2133883393107,0,0
4.587396100482659,4.629370637393997,1,2
-5.574525595118139,-6.13658676131704,2,1
-4.726980608603891,7.934519815606259,0,0
-6.346438934814206,6.637878530619295,3,3
5.944287716386592,4.006626472148159,1,2
-7.412866368675647,9.88944297437159,3,3
-5.385555662442545,-8.015302226130139,2,1
3.855794305449542,3.546683522696066,1,2
-8.330601991443473,6.880420800290159,3,3
-7.881762871615843,-5.392046068971163,2,1
-8.648758387316393,10.23191641408613,3,3
5.5725937795538965,-0.38216739589495274,1,2
-8.963985891296664,-9.348207713711284,2,1
0.5819242642702305,11.647297391863129,0,0
-1.9725165825303252,9.855462917750673,0,0
-3.2745038132938573,-6.966537788826325,2,1
-4.364623689369873,7.033601208571907,0,0
-9.803652505112204,8.868464141870446,3,3
-8.72517729828362,4.92057419765295,3,3
-5.610360773112565,8.880606068929138,0,0
-6.975834711040759,-6.386965977820726,2,1
-6.5779786210788185,-5.304127999264528,2,1
-10.710508893504201,-5.4786297264170365,2,1
-4.0284443035543855,9.485657127091232,0,0
-8.694169305412931,-5.98021649828164,2,1
-5.796055154409613,-7.439359321413598,2,1
-6.60809485309571,-8.825357515209717,2,1
-2.359720575421288,8.259072647024023,0,0
-3.795316496240787,-8.534922141858472,2,1
-9.1780460944883,7.87457117572297,3,3
-5.038123702441332,-8.694571121312755,2,1
-8.359565991007239,9.33419858453342,3,3
-4.1687000840617925,7.219976192077315,0,0
-7.265691997286288,-9.38298570409233,2,1
-8.311155445323635,8.928748272973344,3,3
4.579641910261587,-0.17299296923634033,1,2
-8.877936392074401,7.743764653728113,3,3
-8.056644114067003,8.29134629442379,3,3
-5.588916958611652,-7.754725751129355,2,1
-6.599294903196728,6.91683751393485,3,3
-10.27101162566004,7.958921513888894,3,3
6.523513024588382,0.6312587306114761,1,2
-4.289181414301162,-7.4795638716978505,2,1
-8.98855887135594,7.018012290233254,3,3
6.432448779615365,-0.31161067323492997,1,2
-2.681007390931677,10.871010596158515,0,0
-9.536293441806091,7.164600384042499,3,3
-8.714668127234255,5.137195666301308,3,3
-8.518096338160138,-7.35472226781815,2,1
-9.168111663006412,-4.986233438135173,2,1
-5.343533402434076,-5.991319169474172,2,1
4.6829960706303275,3.89084747785168,1,2
-7.9095963651282135,10.409766120066251,3,3
-6.916159079542744,-3.666704055358151,2,1
-0.7949634012802194,10.142185677228483,0,0
-7.461892418963114,-6.624485259712715,2,1
-2.4218845453837505,7.299830681452387,0,0
0.69035243893165,6.086154428914568,0,0
-7.322051708589312,-5.008496484265346,2,1
-3.400632881178729,-6.290132834184389,2,1
-8.573665423720172,6.77298115687372,3,3
-6.872864637456598,9.417048631683638,3,3
-7.707414409989941,-3.042810664773568,2,1
-3.6047475706284553,9.338974012571283,0,0
-7.177706752705551,7.142951169568306,3,3
5.129078369591278,0.09649931936277767,1,2
-10.348141604555472,9.03334075719227,3,3
3.9614193573544862,-1.6626493060027032,1,2
-9.207421488830933,6.058653022524416,3,3
-5.928961869753122,-6.259410947098699,2,1
-7.937144974788883,-6.963763209762505,2,1
2.4678579856037355,-1.325039250989391,1,2
-3.871233736334567,6.895830576195385,0,0
3.779385825907747,1.1528812720801438,1,2
-7.337454279571543,6.317592601883736,3,3
-6.415264222431848,6.840042211681693,3,3
-3.2134092019551783,9.828126193577269,0,0
-0.5927002793701128,8.126929044944577,0,0
-2.249426234275977,9.592262197791577,0,0
-3.7526901394358587,8.174014567902868,0,0
-4.115536370144419,9.7379947510631,0,0
3.352342165956281,3.023634503054219,1,2
-1.0641334291862674,9.63345751860307,0,0
-4.810368879156184,10.930801361046086,0,0
-8.821649404732629,-5.138869412208168,2,1
4.271264240099185,1.5640843293192264,1,2
-3.643723740979205,6.880905563801811,0,0
-9.425964980201742,5.939907638750949,3,3
2.974015068029358,4.601575349076166,1,2
-4.664816666562427,-4.809972562054769,2,1
-7.815280632194978,-4.009062562475767,2,1
5.023923437698915,3.447206159859003,1,2
-9.119044154142834,8.802117909018497,3,3
3.9716250541269438,4.1532463996172835,1,2
-7.689207339058974,9.163922751325165,3,3
-9.913561237540218,4.523717989889113,3,3
-7.224317048738113,7.355490388506617,3,3
-8.132647771040906,-3.662385901615864,2,1
6.239890870611832,3.727113069609241,1,2
0.9324120860371674,0.7778268007350169,1,2
5.589051635387529,5.379208970647326,1,2
4.278024749443606,2.5012527787121774,1,2
-3.9712201283937323,10.194913033812,0,0
3.722602131740179,-0.1368219613316013,1,2
-2.3635812990306895,10.467253613997656,0,0
-4.672871699910857,-7.1940951090037455,2,1
3.702650969684583,2.0123062592569827,1,2
-3.899593330419875,8.924998094105622,0,0
-7.427056285465598,-8.138924094284455,2,1
6.713117322784392,2.946234515325196,1,2
-7.968877996815647,7.812217390371953,3,3
6.965629575449217,0.47563862283254554,1,2
3.018294025615708,3.552898963940087,1,2
-9.10904762702195,12.113184267265995,3,3
-1.0835618657736747,8.148930644704716,0,0
-6.239555257408373,10.670473134787652,3,0
-6.764394354560887,-8.8045979295588,2,1
-10.374607993129818,10.104661764999985,3,3
-7.581178993119107,-6.360353770679873,2,1
0.28946414366438455,9.725035509566002,0,0
-10.44744229524572,7.682393211665428,3,3
-4.835192769651949,9.117130590407363,0,0
-7.881251104474875,8.074789627915388,3,3
-8.43463734476835,6.808734502252587,3,3
-5.8853052881501515,-5.119898807047959,2,1
3.4541671530601334,2.6803722196447257,1,2
2.8066871228901835,3.042667329199314,1,2
5.029462588810324,0.6166947462841192,1,2
-2.1193734316801147,10.187020435864287,0,0
-12.097332075657064,8.594655431224336,3,3
-2.1334583475339355,9.533958442443785,0,0
5.494529756576407,2.6447325239667046,1,2
3.7512879498697975,0.677183529421008,1,2
-8.537473960789596,9.046478939641776,3,3
3.783110351553906,2.8320438559749697,1,2
-0.608830899272816,7.9527819297701505,0,0
-1.8898004416393137,8.16869929899236,0,0
-10.335905915418447,7.776210765227902,3,3
4.763304820141237,3.571390246538759,1,2
-0.140378399791663,10.165438221927685,0,0
-11.363485044967437,6.11471781575442,3,3
-7.139046281036404,-4.3125468730624315,2,1
-9.155023114877553,5.842753624771927,3,3
-6.917958297638438,-5.121016064386899,2,1
-6.072183072576821,-5.271348587311243,2,1
-4.489547433583713,11.761474276979852,0,0
-11.210113809684211,8.666080386612876,3,3
5.701506739411315,1.1294695200993305,1,2
-1.2761073830610152,11.859475602179243,0,0
5.885382561044469,0.6890439450774313,1,2
0.320081228763045,9.27615284744608,0,0
-5.064271282085482,8.930964579853393,0,0
-1.996563659387011,11.82854238702215,0,0
-8.376251947379856,6.736050064366016,3,3
-10.62873576346163,-3.4436957343898342,2,1
-11.182146541965825,6.529943899479261,3,3
5.615180603166093,1.8244058882716576,1,2
-7.3620797679773435,-3.7649876179346853,2,1
-4.400523554555318,10.391079048780485,0,0
-2.8357194278935807,10.662451406179107,0,0
-7.73306191099736,6.901531579821383,3,3
-4.632253736128371,8.383318144050284,0,0
-7.408622805766143,7.754209163301439,3,3
-6.813909983182605,-7.10061259571868,2,1
-8.86745716546761,6.8687532412472905,3,3
-7.911852708917856,-3.5014558852594835,2,1
-8.05697466077463,-5.907688942510158,2,1
-2.4079053160208646,6.877163848878136,0,0
-8.067927596781436,6.5244716560058365,3,3
-8.195103006140151,8.36318132639342,3,3
-8.437637780118784,8.086610450343604,3,3
5.870602108024148,2.7340807306016783,1,2
-1.966743585481299,8.046606496290636,0,0
-2.3287541754849017,9.785944379286445,0,0
3.3913454765717583,2.680293018520338,1,2
2.421999467558339,3.6888007487511256,1,2
-6.5184974219184175,-2.977584922005354,2,1
-11.497876458946333,9.216405166569691,3,3
-10.47392637280028,9.43992148511811,3,3
-7.459484354773205,6.321306787190212,3,3
7.029658776187197,1.2063461692939543,1,2
-4.284085392051413,5.9554378615581705,0,0
-10.496884759364914,7.0011413700656,3,3
-2.195902230545617,6.074780942378658,0,0
-6.696180936602844,-6.065162549721364,2,1
-7.134904124938663,-7.559951667266859,2,1
3.1760689567621023,3.553632378852491,1,2
-2.5015274380890586,8.662405428135601,0,0
8.480005643631294,1.8290798343537573,1,2
3.6994282495464503,4.691842520936126,1,2
0.7205760632145841,7.8632647838662475,0,0
-0.1824696597689659,9.18779807963761,0,0
4.590188376917406,4.665006479217413,1,2
7.00923705482417,1.1888796432108295,1,2
-7.423288603255968,-8.559614435215163,2,1
-3.643664871253015,-7.788681977780954,2,1
6.738911991107105,3.360120208309885,1,2
-3.647896615383297,9.239876807912633,0,0
-10.474777401958807,6.707301483566826,3,3
4.80397102813544,3.06181961978877,1,2
4.402866988359618,1.332848079019602,1,2
-9.562919334161169,7.543712433477027,3,3
-10.337281105078377,6.566360533656377,3,3
-6.864098261386199,-8.847863941801187,2,1
-5.744540377771293,5.722223544117294,3,3
-4.9188671034391085,9.319481581999156,0,0
4.889557148547685,2.7118465799529554,1,2
-2.838705454809018,9.549954985465941,0,0
-6.419910369653042,9.295894595874774,3,3
5.153966855794658,2.658299512671408,1,2
-7.774150030927451,6.670293359643938,3,3
-7.268190409882325,-7.174634366903414,2,1
5.706318788533339,2.639564651169792,1,2
-2.6723378457380367,9.616853711346733,0,0
5.588490444811383,3.432001358380827,1,2
-7.844904536721485,-5.488349401154091,2,1
-0.9215608927783685,6.37617689856365,0,0
2.7049374866165206,0.030551525845307737,1,2
-2.0941614240577215,10.255061001752358,0,0
-8.288630281879401,-7.0962409268583695,2,1
-1.6528618570129998,10.71763458846922,0,0
-7.793746585450937,8.75648072835447,3,3
-3.7425282164023974,9.37981694543619,0,0
-7.64693073720327,5.442088780744829,3,3
-4.903536092699781,-6.583710186237347,2,1
-6.528948323465149,-9.213953062581387,2,1
-8.312382607725672,8.057303610720199,3,3
-12.382726409948768,5.8089268584337965,3,3
-8.068669059371887,6.934202899122828,3,3
-4.607048983781462,9.858739983234178,0,0
-9.11267241829327,9.38583754422098,3,3
-2.141747766389666,8.253871365141627,0,0
4.136201787292909,4.476701971874821,1,2
-6.280792507243351,-5.909315683721835,2,1
4.281456765928487,0.6118241908783353,1,2
2.7192348074836765,4.605360956917279,1,2
-4.9204224748945915,9.291236915996778,0,0
6.183612292216567,2.6820659075602964,1,2
5.94656589137564,1.4841343856889702,1,2
-7.698993863529994,-6.292403585172127,2,1
-4.583500942635724,-5.051966815729972,2,1
-2.173058900337125,9.033174729371014,0,0
-7.211507626529928,-7.295329543109328,2,1
4.3744579949870275,0.7757238171330514,1,2
-7.384141955845905,7.96431445830623,3,3
-2.1462542157036992,6.144365761211625,0,0
-2.395490785762161,7.998543560930154,0,0
-5.695041209517461,8.22565359567718,0,0
-3.7219380273925315,8.261650562821517,0,0
4.667506405012429,4.487825652353656,1,2
6.441699719474019,1.361056624408405,1,2
7.138090502921966,3.4947247814679274,1,2
-7.20964826922699,7.470497645705047,3,3
5.505487026998911,1.668601604876243,1,2
4.516652068639248,3.6491134313229234,1,2
-4.275681486403396,-6.583243418081975,2,1
4.269112762447206,0.9501933119440342,1,2
-3.5821531869427026,10.033682751600335,0,0
-1.28990444479431,9.95872939108374,0,0
1.8785674892306332,0.053804233837179805,1,2
-1.9593002539074778,7.604466448707289,0,0
-11.194641984738759,5.633371712133995,3,3
4.784060001639577,1.2797567508831684,1,2
-2.6248501871739065,9.526014090423287,0,0
-3.169264353098226,9.210396994127459,0,0
6.988164880079612,1.8745442923312503,1,2
6.187645645431054,-0.2551708756147262,1,2
-7.054957699424046,8.385978686300298,3,3
-8.929945238774401,-7.217257696114972,2,1
-9.5352537025836,7.625262399307962,3,3
-8.59854316863991,5.782010204109766,3,3
-1.47980733749098,6.595212321413844,0,0
-12.633759040755505,6.894516582678537,3,3
1.8336909546893176,1.445899457878769,1,2
-0.8846207582898347,10.594989206250677,0,0
5.391254617664672,0.5068368167429054,1,2
-9.772301799237688,7.615434098354568,3,3
-7.006777213347981,8.196669470701627,3,3
-10.553917067617004,7.486362474163488,3,3
-3.856819630075287,9.75216488545808,0,0
-2.9821014900132687,10.152739958938223,0,0
-1.136094446499639,9.507412792687848,0,0
3.1217222733378502,-0.5091153238579222,1,2
3.3492587883021727,1.3963363675959939,1,2
-9.044500528577547,8.752834736303111,3,3
-6.026152572373357,-4.437514658583139,2,1
-1.3226497024881798,7.650204946006213,0,0
-2.4408398631970294,8.036885606789596,0,0
4.236545800395856,0.3133808208282265,1,2
-2.877279797057056,7.883681881662087,0,0
-1.7993411861924329,8.905042759213012,0,0
-5.546911503039161,9.293967600352463,0,0
-7.725998589137353,-6.603282638480391,2,1
-8.870378698158664,6.2027053967769685,3,3
2.617600703069532,3.0880658249748043,1,2
6.810345662758701,2.268001848708094,1,2
4.937005977379884,1.7566290660548183,1,2
-7.371098633156359,7.477704666196887,0,3
4.729324391108363,1.0027645173823712,1,2
-6.761674405677134,-9.877410620074109,2,1
-6.195795533028859,-3.6326060759243206,2,1
-8.634796730240309,-9.583080249645976,2,1
3.6621246745248626,2.044267690915353,1,2
-7.792896149869907,6.822793680864688,3,3
-10.43191804885633,7.965983561310176,3,3
-9.134335387097,7.096612990018436,3,3
3.5833633004139624,-0.1395222606046076,1,2
-0.5509794123212566,9.04579189064746,0,0
-9.178053904910758,5.884364060413484,3,3
-9.731819697701248,9.38518005525493,3,3
-7.750684076364014,8.097790346171141,3,3
-3.2157550814802343,9.362361034234777,0,0
-10.155301636770853,6.083202384438913,3,3
3.7747218403756024,3.106256522679366,1,2
-10.593203010201442,3.015129595576229,3,3
-5.959350232055645,-8.414298441073555,2,1
-5.382612026361792,-11.22449266056648,2,1
-7.078640800256048,7.877986203795844,3,3
-10.550861427836267,7.033033726579126,3,3
-10.947803952143762,7.198864556555661,3,3
-10.07971308760909,7.452738740068265,3,3
-2.4896947852358897,11.194587243934297,0,0
-6.296759284354824,-3.140610317126761,2,1
-7.7997311864626795,-7.333814123008139,2,1
0.7755067767737582,7.801838700165595,0,0
-6.72156393193233,-8.881147835653254,2,1
-0.29235655594047616,8.236880800787851,0,0
3.8115442698066446,2.9225674105739983,1,2
3.1374488213857283,1.5515192446117996,1,2
1.5169847244025183,4.51785423637579,1,2
5.603962976029417,3.9668984791393793,1,2
-0.310724469670419,8.675621677468518,0,0
-6.83162096755262,-8.010236398795222,2,1
-5.58191368038929,7.059694196850198,3,3
-8.53467710041208,-10.109445482704672,2,1
-3.822625003129886,6.940086531751818,0,0
-7.40864018857188,8.093151045644642,3,3
-0.2245115071482644,9.82265119372531,0,0
4.769763517437451,1.7396538308526128,1,2
-9.661415118247453,7.462790267210376,3,3
-4.7882525719837705,8.287935018898944,0,0
-8.900316625445814,-8.337530651041924,2,1
-6.881817392318782,4.829784933445191,3,3
-4.794315867625301,-6.043394133748153,2,1
-9.175611729348129,6.348519044263513,3,3
3.15547160584023,1.7844893037912597,1,2
-2.6826700466351108,8.562630584814388,0,0
-8.111228530694298,6.053987933012393,3,3
-7.932614722861404,-7.874460969602369,2,1
4.094460517907318,1.8877512483591308,1,2
-0.1301723988347221,7.157562879958048,0,0
0.6634241236385834,3.6104299618244244,1,2
-8.183488050399509,8.679425177127996,3,3
-7.427609518119433,-6.603089134478584,2,1
-4.429479892699626,-8.599627682803979,2,1
-8.353708846961966,6.9449926623092715,3,3
-5.345771543136809,-3.2204809837670374,2,1
5.196597646285064,1.067191903867001,1,2
-5.987495678653341,-5.599986255105485,2,1
-3.8595463198613356,-6.675306596651841,2,1
-7.730112035304756,8.246574141518284,3,3
-2.751126190551764,9.620362413420128,0,0
6.509006624974544,-1.1369156646714922,1,2
-7.363646949414473,-7.256359117958517,2,1
-0.7720313128026484,10.201780169142726,0,0
-7.853543508750281,-8.716019993419332,2,1
-8.654322282643816,9.760540603203044,3,3
4.95245304814943,-1.089432618695704,1,2
-9.755981392993938,7.2679677199260855,3,3
-7.1385681410625,-5.554619687045938,2,1
-3.1789700511532817,10.29888431968353,0,0
-4.353735653964467,-7.568435987579357,2,1
-8.736544490844905,8.602683428182033,3,3
-2.603216268962508,10.446999608950179,0,0
1.9717984628716834,4.2172361511745065,1,2
-8.364069396006776,-5.468952811293622,2,1
-9.196725905390553,6.7732862977766715,3,3
-8.999280972642353,7.995098304214119,3,3
-6.691790437179409,-7.524217904963826,2,1
-7.838069812685523,-8.864744283387195,2,1
-9.24112372849476,5.986734577375772,3,3
-9.900937907001705,5.052951326579462,3,3
4.1782114837986,2.3018951754366404,1,2
-10.362060485103605,7.41604269027066,3,3
5.231557049795547,1.3416929627103376,1,2
0.13898373736889535,9.621758694639755,0,0
-8.366715715335731,-10.11019476368152,2,1
-1.2753802548979667,7.183020653241789,0,0
3.683268859851127,1.1766742514380055,1,2
-8.970872195444013,6.768506370675512,3,3
-1.119931301755288,11.878411088903517,0,0
-8.546751304270007,6.793773476282671,3,3
4.667529735826191,2.494542241983239,1,2
-6.909083889541292,-6.051374661650225,2,1
-5.0965743718222996,8.170854834336863,0,0
0.02151482955609696,10.336745763622497,0,0
-9.316908660135937,6.12948413029347,3,3
-3.7365286479029587,12.152867041726513,0,0
-5.921531858107493,-8.594616962371672,2,1
-7.1047105717000605,-6.691744913068633,2,1
-8.39019839408748,6.1958363403559265,3,3
-0.06627430469581252,6.944133940875984,0,0
-9.035213207274467,7.438800739936855,3,3
-9.492906592425863,7.159108209609957,3,3
-8.807137195122898,6.231518503655002,3,3
6.894976288878827,3.289213119804239,1,2
-9.756983818596668,7.865778203307856,3,3
-2.168007721146556,10.975000259621964,0,0
4.896176993420014,1.6971946794117132,1,2
-4.944998060027151,-5.870337566371009,2,1
3.801496065320719,2.5389874965375134,1,2
6.149318050049763,1.107831879656009,1,2
3.853098436808441,2.707231525782609,1,2
3.479195037572742,0.10618762897360634,1,2
-7.360148153442751,-6.243860673673072,2,1
5.047247092021162,0.05804682021026775,1,2
-0.9626983393088238,10.41120630687262,0,0
-3.768023907886708,8.5504675644215,0,0
-8.986209955062403,7.351797349915975,3,3
3.830239315764059,0.8057125958372631,1,2
-2.5013320734754756,9.084757018845435,0,0
4.3084325754836055,2.013498442432528,1,2
-2.8443918010415263,10.085286869336459,0,0
-8.524039821494073,-9.040185917167388,2,1
-5.1564786405931144,-9.489680261443096,2,1
-8.45771826439415,8.025062673146852,3,3
5.074541121572721,5.08627088190889,1,2
-8.668422140829364,5.166105948022653,3,3
-2.821380998588663,8.274784726210072,0,0
-4.3747704346241605,-6.2881022985414745,2,1
2.5708999942063104,0.8767746240278533,1,2
-8.66102481969554,-6.415378527935405,2,1
-6.756883153329922,-7.02844407306266,2,1
-9.807668721401715,9.986489254412971,3,3
5.2843061649269805,2.284701214685399,1,2
-8.353576185358838,7.1021190360507,3,3
-8.98353509885081,-4.255744478495537,2,1
-8.718275685654781,-9.076671913590676,2,1
-10.229357457921871,7.6810763896008805,3,3
-7.375531311962366,8.07516417040847,3,3
0.6740366724661997,10.562984019025041,0,0
-0.771304254541644,7.783262650670756,0,0
-7.648094675807691,4.700724955641432,3,3
-7.391050306989824,9.74689715082105,3,3
-2.669743162984587,7.461422644569261,0,0
-7.157558679467833,-7.074840642876086,2,1
-8.518532814279476,6.1955689178904745,3,3
3.189414621534282,1.9016026497277623,1,2
-0.7400374419708196,8.310522650041264,0,0
-4.3630759700366095,-7.710491955837939,2,1
-6.8887335584611105,-5.622373431598484,2,1
-9.039790868841832,8.539735325238377,3,3
-2.913307874719587,10.090599511892265,0,0
-3.0973598527509867,6.819013706000144,0,0
-9.226521850636663,9.721493671255779,3,3
-3.766735882213372,-7.913891320410299,2,1
-8.995001584442218,7.0702903307136875,3,3
-3.3045840506114113,7.824976879804805,0,0
4.257413010096818,4.229159166814765,1,2
-9.549086777242385,7.301844509181285,3,3
3.970228414402309,2.2643046732881933,1,2
5.361392683833171,2.308995720359429,1,2
-6.383306842829585,-5.62981615086256,2,1
0.43789007632183363,9.067181456155915,0,0
-6.4785387200434155,-6.3975628839819265,2,1
-7.996948584724152,6.8803024384549625,3,3
3.2550289670617447,-0.05435722448376845,1,2
-6.653998833435906,-6.332668089576608,2,1
-6.280095263522307,-7.85714493396369,2,1
-8.733249511966239,9.06634036941099,3,3
-10.62878300427073,8.702254175913705,3,3
-6.679315833977847,-7.108814347846763,2,1
-5.261605941004326,-6.937872297527007,2,1
-2.797739070224434,9.46660714169874,0,0
-1.9671042147901292,11.321340977897275,0,0
-6.656626005348103,-7.385738549953006,2,1
-5.536837361109672,-5.927351890752992,2,1
-7.061049414062943,-6.250810927415405,2,1
5.890762068051457,2.661939802783387,1,2
-0.7644519948203108,9.029635719727702,0,0
-9.819441281327146,4.5775735702140175,3,3
-9.4822810934119,6.2848914456879195,3,3
-4.566462262299456,-3.8709702610372623,2,1
-7.080652941160647,-6.858077301182151,2,1
-10.418851385355541,5.721818533129913,3,3
-5.101070959156774,-5.801679627278347,2,1
-7.544550567938535,-8.207313664316299,2,1
-6.189668976742595,-7.896682647904106,2,1
-10.338824743544372,6.306905459711426,3,3
-8.553955331737896,8.825092054349415,3,3
-7.957238089505067,-5.537723027859284,2,1
-1.0781949778129467,9.991373005157019,0,0
5.2999005113081,1.2200883474118154,1,2
-7.788050500756566,-4.141095022955542,2,1
-1.4862681661103043,8.548885993308138,0,0
-1.7517167045820645,10.312918919453503,0,0
-2.677689697588995,8.682831728898487,0,0
-9.800550149470439,7.971406732509614,3,3
3.7764220968714404,2.1561844059087742,1,2
-6.5426001025234415,-5.4812233454663115,2,1
8.088226021656977,1.4289118432812433,1,2
-4.681324135298736,6.903090466633489,0,0
-5.334202010103507,-6.5219258547361765,2,1
-10.241485809702903,8.95249608976125,3,3
-2.3626834752295025,7.854771452415122,0,0
-4.501476696400395,9.309577982002008,0,0
-7.0120502636781525,-3.0105455867944686,2,1
-7.15215867665699,8.74481260868299,3,3
4.528228692578032,2.904177830266749,1,2
-7.744392792241349,-10.766673031493312,2,1
-2.3389216051758783,10.007482139979892,0,0
6.047304545192098,1.1991025916146711,1,2
-9.741645847178681,8.026684299611238,3,3
-1.7366260935936784,14.793383364180404,0,0
-9.097994544312463,-6.605069713607213,2,1
-9.807274025322814,6.124734905523322,3,3
-5.221338291714295,-5.099564134935377,2,1
-9.419062412444347,-7.0276190334680715,2,1
-11.678749757066688,7.643463476558111,3,3
-3.5622772638687787,8.52279290830167,0,0
-7.905969921851934,6.769107411433252,3,3
-6.074862425795665,-8.227811565962503,2,1
-2.4188523081412105,12.70914929692625,0,0
-3.6979787307018013,8.842181465997973,0,0
-3.0232693978429044,7.810870224365893,0,0
-11.807277472199692,8.445388299675004,3,3
-7.705084921919401,-7.887544645183024,2,1
-7.34086140941407,6.676092446421631,3,3
-9.173526730193789,6.799547721321407,3,3
4.712661278145342,0.7267445093241753,1,2
-9.037278376209871,5.861728958492741,3,3
4.811220309221161,2.1986223261335485,1,2
-3.888333974403455,11.33918773572463,0,0
8.430277475038533,1.176866524560251,1,2
5.81857907420435,2.611356026618179,1,2
-7.531381810450144,5.304553395128581,3,3
-1.3882572153678574,9.929841526348518,0,0
4.660772774097521,1.9369820532757271,1,2
-3.227958979820685,8.735797663202597,0,0
-3.2043241622714436,8.315691497842936,0,0
6.391551928717813,2.3548009488925516,1,2
-7.513663090915272,7.2067671199795,3,3
5.597767524394162,-0.5191104094627077,1,2
-11.543037271019928,4.947319000990468,3,3
-7.087311167126931,-8.716556947709995,2,1
-9.082928202551656,6.206168948289029,3,3
-8.106925516284731,-6.885171279392375,2,1
-2.0428362746557434,11.22732045362265,0,0
-6.828501988762431,-8.035069439863909,2,1
-6.892835936794347,7.28922082205038,3,3
-7.057248679288883,11.207868378526623,3,3
4.839333347448416,0.9229884615319721,1,2
-3.7474434182415175,8.53220736571883,0,0
4.590748930904104,1.1580325272400844,1,2
-7.142066826194383,-8.013727332515213,2,1
-5.7220791251787535,-11.152923524221059,2,1
-11.539914357865118,6.50951221589767,3,3
-4.5757016749883865,7.607548568325638,0,0
4.682356400423793,2.01780389318435,1,2
-9.007175790550818,-9.52132281124711,2,1
-1.5411336986750288,11.067233464496844,0,0
-8.287396786534,10.080798430691388,3,3
4.496935537647674,2.3917019725962407,1,2
-1.6443621784691005,9.481161360013626,0,0
-3.339671581073523,7.217469289315049,0,0
-8.879600114211964,9.98190031050332,3,3
-6.794652303805609,-6.085570461740851,2,1
7.336408626502385,2.9344339758412468,1,2
5.621427320759188,1.8897926775750493,1,2
4.583426782590829,3.6281225069655143,1,2
-7.16565079229629,-6.553960283506362,2,1
-6.30672401280394,-6.235047122489342,2,1
5.059831775707832,0.28493611299316735,1,2
-5.305298118172267,-7.682962410616799,2,1
-8.585345748685919,7.986433889852817,3,3
-6.028381092309692,8.943595014070675,3,3
4.74722819205719,1.256683513793057,1,2
-5.250783842403903,-6.168062243956017,2,1
-6.416377672252825,-4.32678717632309,2,1
-7.1868883041381535,10.261044096829593,3,3
-6.418517144437619,-5.6565037744670015,2,1
-7.8898631275170725,-6.4616183499402435,2,1
-10.44653627461442,2.9414971902567917,3,3
5.068676922315459,2.4748548689212697,1,2
-9.952033635183083,5.343489148667644,3,3
-8.13868278298572,7.2700606920524775,3,3
-7.817971243415564,-6.286404293119833,2,1
-9.214500039140898,-7.5222823347248156,2,1
-1.7366447222397605,9.784965054566635,0,0
-10.29581285844794,5.2540956683153075,3,3
-0.041746052800824884,8.640732068863754,0,0
-6.031362722703954,-9.521253732009672,2,1
-10.629215266234594,7.5379375576442635,3,3
-2.5377219349067834,7.510492081241608,0,0
-7.254242543036932,7.658381286692443,3,3
-7.1931620770803075,-8.155890274589897,2,1
-6.8626551556262125,7.146420125012085,3,3
-1.9330994496437892,8.965244006057182,0,0
-8.866390891304857,6.740745235865375,3,3
-8.44999366517418,-6.075130464485017,2,1
4.973079493678671,1.2550467514455161,1,2
5.073631802089828,5.656119893807073,1,2
-4.927015257053073,-4.537842798185668,2,1
-7.325972446191258,-4.816549373308518,2,1
-9.870230655008452,-6.319024738504589,2,1
-4.9008391112443,8.115223593767663,0,0
-2.025119782545616,7.773439712869838,0,0
-3.8434692674910353,7.790570700750164,0,0
-2.736875265606125,9.896761937925186,0,0
-8.957789843504584,8.002080609873303,3,3
-6.939765995338959,6.024260643176952,3,3
-5.433808515958906,-3.5643250908889197,2,1
5.608105107939714,5.218051768898922,1,2
4.944263367505051,-0.3004464885551159,1,2
-6.067433098844088,-5.741376852821976,2,1
-2.4044944955677217,8.436315732905681,0,0
-6.9853753582399065,-6.150357127536644,2,1
-7.752148562074236,-8.402244689315246,2,1
-5.406978960663879,-7.36735666853888,2,1
-5.242662010259867,-5.9664024119151815,2,1
-6.837355455097578,-6.8937880882422515,2,1
-6.638766219576473,-6.875540563045825,2,1
-2.0229480943200873,8.819071546646795,0,0
-7.577397716879181,8.143623267800772,3,3
-11.095408317682514,8.463606861033107,3,3
8.499918541102891,2.0619973349624643,1,2
5.479564508124661,3.594340772272665,1,2
-6.749629806539517,6.948453143600274,3,3
-8.801998571626873,9.441853748621847,3,3
-1.5706966014052408,7.728549793573897,0,0
4.098429587499481,3.7121643889871043,1,2
-2.8826438457713603,10.471642554629854,0,0
5.358348574847689,2.473662841871154,1,2
-10.020003384498368,6.392251518122029,3,3
-3.8349837773544495,9.244873787116614,0,0
-11.261025480494276,9.07063194718446,3,3
-1.2710730995707054,10.23455058219928,0,0
-9.642272924307083,8.535609612920421,3,3
-3.47905694941654,7.391964122776729,0,0
5.515771114217047,1.4342315477601426,1,2
-8.353358281458735,-7.217059318271484,2,1
-6.425673993292721,-8.011523368304983,2,1
-7.25266388042659,-4.469091229245958,2,1
-12.893176196134867,8.340335894795064,3,3
-2.0695889131047283,7.94275900115877,0,0
-5.817464176118385,-5.445056118084071,2,1
3.8225002060146767,2.571873855468838,1,2
-9.39663792074259,8.956645845054982,3,3
-8.223599771243242,6.96163643357089,3,3
-7.947992673214717,2.912939963502283,3,3
-7.04646628317432,-8.235971055473131,2,1
-3.4101556579309578,8.576745503508405,0,0
3.1080296105320313,3.035704354889762,1,2
-7.467950817286136,6.118754489478186,3,3
2.3515910798409934,0.9353075791188654,1,2
-0.4050061566486014,6.9115095340099,0,0
-2.0107266050833625,7.891556323363491,0,0
3.4949901014143263,-0.7341534670560463,1,2
-4.887335978377683,-6.045764579174957,2,1
-1.2904088894614532,11.048646171054557,0,0
-1.993770188700058,6.369725895154221,0,0
-8.067465982147638,7.5928955884081,3,3
3.863946161077543,4.087190844219101,1,2
-5.72720375201105,5.944446028119068,3,3
-6.378380962578921,8.436714152106541,3,3
4.009598610584316,1.5504927706499712,1,2
-1.7301778516909918,11.313394497702188,0,0
-2.529443460159651,7.427719734764471,0,0
-8.653520546459282,8.150750979559405,3,3
-4.018223695302304,7.193003209016723,0,0
-6.782915568936089,-9.843309442806753,2,1
-4.459060287563299,-6.199808141004977,2,1
-5.095421457764309,-8.721521315981436,2,1
5.5517236008029105,2.253083368675269,1,2
5.900844159711188,0.9942337149871456,1,2
-3.325771709840524,9.180670012763121,0,0
-3.5292347054204862,9.362666673939827,0,0
4.38920171575282,2.193240213590716,1,2
-5.7881828756958,-6.8021907645649975,2,1
-2.023071668960558,8.436662707573847,0,0
-2.472432361664336,9.761283565066496,0,0
6.043396425949293,3.8805023264319702,1,2
-2.617212805423251,10.519585475036358,0,0
-5.749614759494471,-6.30837201595178,2,1
1.5826920334613206,0.461040217564626,1,2
2.101181891655872,4.2674951631316524,1,2
-9.940215121833084,6.108144259977132,3,3
-5.3873544460013125,8.974515315024496,0,0
4.359571369986063,1.3135730965294696,1,2
-6.950008059470046,-6.1645483524412645,2,1
-8.737841680798702,8.097431742054852,3,3
4.615244492118974,3.755759594112858,1,2
-5.455295987989285,-9.107456545950802,2,1
-2.9217751687802163,5.5614043810949445,0,0
-7.776006121751175,7.673347112393955,3,3
0.5945488718157437,1.8917273841640136,1,2
-9.477864150944326,9.046191479293835,3,3
-7.245862144087243,-5.433978840843411,2,1
-1.5879475729876122,10.15054769326928,0,0
-5.084679961182793,-7.79478394975502,2,1
-6.625585955097153,-9.000681338633417,2,1
-2.012302475947404,10.47760381888186,0,0
-5.983527086376483,-5.828350479809599,2,1
-9.07852694998597,8.3305330301744,3,3
-7.98292210503592,-5.025969830460291,2,1
-10.19692620792994,6.342873407525474,3,3
-0.2556620449087079,9.125428298827984,0,0
-6.419996814252874,8.668781889297001,3,3
2.6000946247582224,3.092550032981563,1,2
6.19618875261495,1.2081450856586113,1,2
4.912678218815844,2.3455005633912362,1,2
-6.095373959098021,-7.740659599183815,2,1
-8.405287312716224,7.714005673655534,3,3
-2.412777594409556,7.397668961304362,0,0
-0.33248221136018774,10.453192367326132,0,0
-3.4117575413968453,11.792703404961728,0,0
2.762569699942435,4.138816590050621,1,2
4.926527438257956,2.0428245061749553,1,2
4.293477040915084,3.0174792311608596,1,2
-3.768780386323914,8.115197160032288,0,0
5.10158148956619,-0.5920829050442062,1,2
-8.477297685764329,-7.337946649807948,2,1
6.363788825656615,0.9184050462519009,1,2
-3.787371826196673,-5.067560247386233,2,1
-1.5730178974745175,9.95680439209474,0,0
3.215780502980187,5.921742781196818,1,2
-7.793895494390195,-7.160566547754115,2,1
-9.681579796503463,7.009690104881911,3,3
