Feature1,Feature2,True_Label
10.050538292880884,10.395279260682388,2
-9.560305369323533,-10.06773289014596,0
-0.45765755127742164,-0.2075724209643733,1
-0.03628444458233447,0.12585973317210833,1
-10.140842315780485,-9.83723198692421,0
0.18236895291496175,0.05598273694690743,1
-0.2105975063420266,-0.19887027526528445,1
20.26860662922878,-5.1894733187496,3
10.096923781934809,9.924293949362113,2
10.105189029782068,10.1467561390443,2
-10.320286128814779,-10.042713845506388,0
20.204064831635137,-4.642247746256608,3
10.485163772490587,10.031306781256964,2
0.33245484502125494,-0.31197177813765925,1
19.488838523951983,-5.277339796438866,3
-0.21814115274746057,-0.07425559066545143,1
19.81880581220923,-5.068864596608104,3
0.11405935530178896,0.18317572358514694,1
-10.109083663664157,-10.01708368711632,0
-10.424611222615125,-10.126193596829607,0
0.16793713437931193,0.32423421766638655,1
-0.7498217144620719,0.6872827717772225,1
0.0701357735372243,-0.46676869386108816,1
19.88921685822614,-4.956983459797325,3
-9.750899255036726,-10.25682514777266,0
-9.977258632541883,-10.203148513453634,0
10.131542721642917,10.005884997308197,2
-10.262685476015427,-10.414839919289301,0
-9.979059374502995,-10.115594079058528,0
-10.142483593348286,-10.195998769772114,0
-10.294452595314386,-9.86136895772102,0
-0.0501354240950563,0.04401410592999685,1
10.299493269444389,9.870513906184586,2
-10.198535939430517,-9.744269999561133,0
19.910097005597965,-5.015061385112523,3
-0.010405466216034354,0.07026441976095622,1
20.08419092134704,-4.47241385474146,3
-9.902750094253467,-10.039042916310306,0
19.69118854754538,-5.40580108575306,3
-10.177718177271661,-10.259197230903945,0
19.964970225261425,-5.190667352421321,3
9.757118944023507,10.127218313339228,2
10.239982570582615,9.515106817469023,2
-0.051883817977026896,0.513512544042703,1
-0.09233347048590025,0.06574509829918168,1
19.835519361522476,-4.749999826465908,3
20.0792060244001,-4.61829394996797,3
10.122945597078553,9.927622703614437,2
-0.2029176906177809,0.5402821298732446,1
-9.646167963783613,-10.140752695631411,0
0.15685064641064989,-0.17211000118157369,1
20.160445200903773,-4.631305849253281,3
-10.237142336633594,-9.858559492859202,0
-0.20644510355331713,0.6757307416032926,1
-10.422253508415347,-10.233345006277263,0
9.64628806265206,10.35630381653847,2
-9.812299795670498,-10.257147266924886,0
-10.466988752057171,-9.818197014596308,0
9.515460455228347,10.349421806337151,2
19.808807675891362,-4.862483988934555,3
-9.506509685949615,-10.074710811866913,0
9.906082590843054,9.999787421627007,2
9.459682679754179,9.837197860079794,2
0.06664013149011384,-0.1436245864990432,1
19.524205006328614,-5.563977315541713,3
9.976107582626286,10.13571153887492,2
9.57810476089845,9.97506832821139,2
-9.903184431898573,-10.248169283065696,0
9.779622526960585,9.756924268895686,2
-9.675084627047417,-9.68385938438953,0
10.255269388650392,9.95878846348018,2
9.406210056887264,10.22437307683526,2
9.9734911122384,9.888996691035361,2
-0.026484614505376446,0.7739128012962956,1
-9.922734882783171,-10.02233377472985,0
19.764204190209504,-5.414313380946132,3
-9.649665381502057,-9.923673747009635,0
9.440038014591815,10.302254106951077,2
0.0245488075642695,-0.029666895957342797,1
-0.021480377824219184,-0.011166670952952477,1
10.127766161857911,10.005744333224726,2
19.931060110827442,-5.255421930278094,3
19.899458665648563,-4.897298649653114,3
10.570357205725902,9.981801755855614,2
0.2501766463646712,0.137754023768531,1
10.28961924537735,10.370839216541865,2
0.0398909022440628,-0.21003624448175195,1
-0.13034886822969466,-0.0927516370405918,1
10.154080031970915,9.840189748101427,2
-9.844702293859264,-10.21772314394604,0
19.856348763197477,-5.258832729212936,3
10.050596401590019,10.132582194870823,2
-10.159150344283159,-10.172745472193403,0
-9.753381952001654,-9.430962105203816,0
-0.4115703428794069,-0.4840684193630223,1
0.1624388184614364,0.22774654809079403,1
-10.077877405409081,-10.450942885935431,0
19.544847890998497,-4.77482624974347,3
19.589505488350156,-4.403817200230757,3
-10.133287978022834,-9.886809852086545,0
0.14799537026426676,0.055450837108462166,1
-9.805693438569792,-9.543091043077592,0
19.99584867617173,-5.206918332219252,3
-10.133954485620107,-9.743080361702958,0
19.540667749233283,-4.8457235731946495,3
-10.075770445417948,-10.374334954589456,0
19.71532504375255,-4.4757910406253325,3
9.945131067668548,10.412462925744455,2
10.565375891780382,10.462973058481657,2
0.5051783074373606,-0.137665278860682,1
10.16388527440111,10.001926680943281,2
-9.815749989986973,-9.772747686985808,0
-10.157356079883932,-9.853187631631625,0
20.05850749520844,-5.227484620666277,3
-9.738662588970492,-10.097807059650352,0
0.3714849214300907,0.006381473020818495,1
9.901414457275305,10.180956229324703,2
-9.998426890084545,-9.985905821870578,0
-10.443556597110229,-10.215953262518413,0
20.100157989970562,-4.570589965450645,3
20.2544522638,-5.369756994430553,3
19.727673145955922,-4.5442148229074695,3
0.023590557094827175,-0.5994602053596323,1
-0.028588659716085627,0.08370645773110176,1
0.1988643806002238,0.35204215724559745,1
19.660938882597822,-4.276496997326474,3
20.20565232163706,-4.445417350011077,3
-0.07460733785506413,0.48220367280599774,1
9.940798473907803,9.954618014903946,2
19.923146074251385,-5.072449233761233,3
-9.762690415887086,-10.272816236438421,0
-10.108289849745724,-9.652201058990725,0
0.22767857693602953,0.08435742719081274,1
-0.011866546156996512,0.20445020921178733,1
-9.940282091327958,-10.180065063147639,0
19.209275678294937,-4.998987348020852,3
20.124459650108573,-4.861013440964568,3
9.857848195878725,9.995664318736516,2
10.026597277288431,10.059194712221679,2
-9.410582460125083,-9.989420934408482,0
19.672489737158205,-5.116129910742321,3
19.818576600638536,-5.661669817129721,3
-9.981930937017692,-9.261027366254414,0
-10.607542775997283,-9.944063705569171,0
19.78462433277572,-5.069157387554076,3
19.946967751065266,-5.464585489659124,3
-10.481933896077273,-9.938960909239833,0
-9.524194955156394,-10.371344649648055,0
9.85898735567215,10.079763468895614,2
20.144559818515546,-4.83582056078661,3
19.598418260083026,-4.792124413090517,3
19.98820781371171,-5.04034903532052,3
20.303438910622507,-4.5975572253407355,3
9.363443530297422,9.81765340387167,2
19.9605582212985,-4.752185848567548,3
0.06032971401449025,0.3151963188022836,1
-0.09610419245829604,0.12724978392057493,1
10.201858370790045,10.177544240122414,2
10.112922857829256,9.729384533692746,2
-0.30124223002562034,-0.2303392695312385,1
-9.54929288437119,-9.977771565874068,0
-10.384128805748885,-9.473561745404691,0
0.3601241723833276,-0.1970682836914187,1
9.936660928351692,9.703846141854644,2
0.2123255806366426,-0.16874003276828028,1
0.16162679773391075,-0.27620207792380985,1
10.18574627830156,10.617248640913509,2
-0.021049713437594108,-0.4982882800547974,1
0.17842630249958577,0.2560246676340923,1
9.80621074626264,9.760242398004923,2
10.24752947940029,9.73986093528673,2
-0.25750733405436405,0.2100929638226974,1
10.356674011442394,10.212491154160318,2
20.17118389916586,-4.7095446018401415,3
19.453819009835446,-4.9189827924825735,3
0.19013306427962953,0.12413972923544947,1
19.353997124038628,-4.670854186473892,3
19.76487030032408,-5.207162315694878,3
-0.05606149324840771,-0.13191931748225247,1
-9.730120037370025,-9.907810143737017,0
0.09222200934273021,0.244721163761789,1
-10.419570272145743,-9.831109228992828,0
-9.543062776819102,-9.838326986894602,0
9.887441085902818,9.90468547097313,2
-9.911163916880627,-9.921683418346033,0
0.11657358135928922,0.7478998552298372,1
9.520562694434876,10.138651799824583,2
-9.97247176703935,-10.596270674380268,0
-10.795290942517903,-9.672547944423261,0
-9.806387215124456,-9.589410532740295,0
9.769257295063811,9.71802906966734,2
19.783478733998823,-4.9469537383581805,3
0.5539910988142998,-0.32102542989784577,1
19.697433594777138,-5.588787707501774,3
-10.161927904092808,-10.233491417620694,0
-0.31344275820631007,-0.5899069768128005,1
9.768136699652917,10.122115686137361,2
-9.916009412104055,-10.337646714189512,0
0.03843132447323678,-0.20431549724246426,1
-9.994474486243135,-9.497068806317415,0
9.797446517507685,9.956644398785345,2
-9.945440123482452,-9.9255338241099,0
20.521655405556,-5.096372829835373,3
19.771014168746426,-4.988618649365719,3
9.807555521433114,10.129576763402182,2
-9.96391131048643,-9.845668349782375,0
20.057190677379506,-4.717606825769755,3
-9.07633575746343,-9.664127526569628,0
-9.936694759839215,-10.029013933561117,0
-0.16566691328429137,0.18987954532665322,1
-0.13393008436515846,0.05822699786949227,1
-10.156816906155711,-9.685297232248933,0
20.454918216576072,-4.819364503882255,3
0.36830069774198765,-0.36289230560736163,1
-0.1403103603935674,0.10395116451921473,1
10.290837160158022,10.128158308561506,2
-0.26624765334063,-0.13123749009702312,1
-9.57916170671917,-10.420555318837684,0
-0.32888252606856055,-0.4320152647782883,1
9.839210966465785,10.242417339484344,2
20.20381198488695,-5.344638210547597,3
10.088067379649988,9.593025458612978,2
-0.15858500452492705,0.17590920562652798,1
9.62826787730383,9.559742420274269,2
9.901631585046125,10.046557205157693,2
-10.33190049220181,-10.358861987224202,0
9.683895274256093,9.679659123526243,2
0.044600237160633466,-0.1011257913354118,1
-9.739118223968301,-9.593308642358515,0
9.819336381891466,10.140632276822506,2
10.44523480856079,10.106684004635698,2
9.794611052271998,10.23718767974883,2
10.052002499311122,10.07318595937255,2
20.15248059190238,-3.8221286880691023,3
20.36358319561592,-4.9216248406298435,3
-10.443575873733952,-9.656873787037922,0
0.014658021097711298,0.012177507361164715,1
10.184731344931343,10.361165331150644,2
10.332124200786092,9.963885650813921,2
-9.753236526369044,-10.366253094991306,0
-9.935771876760938,-10.373721633613597,0
-10.145609064348731,-9.975437758184103,0
9.730364785503061,9.600905912278304,2
0.16501562970736555,-0.2905033364590906,1
0.5033102442229321,-0.16607647251239838,1
10.592932175354646,9.530727516486685,2
-9.772903415006395,-10.276649597253288,0
0.2581420465079236,-0.17492323157068154,1
0.41528184555315545,0.16917273601570787,1
10.318062972249663,10.827898011673323,2
20.274617082668048,-5.164862082378661,3
-9.71379947095204,-9.80458262460826,0
-0.30636984513921395,0.21250693418980598,1
0.050808247210823394,-0.42411434907149403,1
-0.4255097198799095,-0.5282426435942328,1
-9.876120563717313,-10.169117365841192,0
19.83599597462382,-5.081496533097816,3
9.636648421215765,10.219229235719958,2
9.943856720498635,10.29571899870396,2
-0.01367580490664934,0.07300183479680755,1
0.6040161742579869,0.04096059932482123,1
0.3273930361782807,0.18274143627215308,1
9.719368389386622,10.32579463485251,2
-10.292404501068196,-9.763874618877264,0
-0.31407329480458185,0.16099582575818586,1
-10.972380202020721,-10.307316292400287,0
19.374766118150422,-4.482591005071668,3
-0.008191361852979558,-0.2799803877219588,1
-10.455810989786205,-10.145270221859876,0
-0.01407617366375522,0.14311224816693643,1
10.2175287360544,10.154853486134488,2
9.907589714744278,10.233898159680802,2
0.03126033118556282,-0.018777938369856723,1
19.50815475124237,-5.117741331818262,3
-9.858028712627936,-10.021848673797061,0
9.842773480619622,10.045706461610116,2
20.262355122239757,-5.19492956805448,3
9.892497954393633,9.805737458309451,2
-0.11373832229624611,-0.06107410803070853,1
-10.785923531226924,-9.753429248687432,0
0.2461446543592092,0.15218220933218932,1
10.099594099170705,10.05714990393372,2
-0.18402079906228191,-0.0907409059464385,1
9.94326388276689,10.276495033577337,2
-0.05192154728516088,0.00467371427444026,1
20.257535334996998,-5.070386170987224,3
9.99358981169547,9.775836496255653,2
9.736605223973031,9.751935893788042,2
19.93087978573827,-5.2772699432804915,3
9.708502979637615,9.586114550563321,2
-0.07771264374621094,-0.05890495472549348,1
0.07314021413135964,-0.16922358922101852,1
-10.404455626631714,-9.777020771793186,0
-10.210615928163206,-10.09829864397933,0
10.474162205970512,9.69547174245164,2
20.142089623043436,-5.277914338994462,3
-10.488262731364948,-9.985574516001586,0
19.241131976691708,-5.0889822377209395,3
9.942988289499551,9.892766373156872,2
-0.35103390781780786,-0.5405941312740059,1
10.229824083515407,10.368079967165292,2
20.204615619713785,-4.553826153399222,3
0.08675059317234543,0.7365900419732683,1
9.572812854264956,9.920004301229676,2
0.11990638552579247,-0.1954070681375487,1
19.328530630002508,-5.63621004579052,3
0.17719644920769279,0.3326110741748723,1
19.797287576251517,-4.989754274753593,3
-10.138191631287937,-9.682863332134325,0
9.904283819300014,9.761192242958954,2
19.81269638308603,-5.055357607296755,3
9.847557940705807,9.955665904354758,2
20.23046216498952,-4.935381048363114,3
20.366924920128596,-5.0776563201109495,3
9.700209330311527,9.848567523631536,2
-0.3587649186105553,0.1333808004660422,1
-10.070246012417002,-10.070241087084755,0
19.88449345648614,-4.885103304577721,3
0.11976693678158377,0.1941587819108223,1
-10.295717813900662,-9.848786045344646,0
0.5009713513054218,0.11840145894689433,1
10.389098363968333,9.993139581310336,2
19.825984027588987,-4.928178649839387,3
-9.823942871859918,-9.342863312257007,0
19.979846512985194,-5.214727996733226,3
10.076121898448372,10.14030795152963,2
10.080137995303446,10.15261750696898,2
-10.065901566351254,-9.892866228546476,0
10.337815075231651,9.984581882923454,2
19.984063804094735,-4.632929335274412,3
-10.166094791604154,-10.359363367776654,0
-9.511415336328612,-10.414030437464467,0
20.361798354964044,-4.766777794170647,3
20.786237927308992,-5.333590107732249,3
-0.1954254010843345,-0.14516575021629646,1
-9.845489419837403,-9.845864214726337,0
19.863163751757742,-4.945572013965808,3
19.99068232013873,-5.27290502509455,3
19.822293213304384,-4.962935691213326,3
10.026522065887555,10.443259024316578,2
0.008623446880445246,0.3835355587821896,1
10.248842452579524,9.941852158368158,2
9.85517694334539,9.714001417522386,2
-0.007306377678294852,0.6426811075835591,1
10.024731925880351,9.56273455016052,2
-0.18168466192105923,0.5478029140640809,1
-10.010413530911572,-10.35060341128586,0
9.728280309741214,9.803870098405355,2
-0.23546949392467198,0.1944841301531577,1
0.33165777988739514,0.35610909166811405,1
-0.05308416824821482,-0.2394891733615361,1
9.721794059742829,10.071510694820436,2
9.860406862965984,9.96821549370876,2
20.08826723870405,-5.070322340094896,3
10.145419845188343,9.746093003502738,2
-9.932772255456875,-9.996222279765462,0
9.970423560314721,10.005654886883454,2
19.860678721307185,-4.861381732024431,3
-9.906727730320599,-9.557393134915134,0
10.214614394632374,10.21545571771238,2
-9.912078258010396,-10.214305425407911,0
-0.37546182725713323,0.4331293812219778,1
20.26281403775894,-4.558198797274706,3
-0.29474621806149287,-0.06738994499910737,1
-10.611437360553357,-10.30242589327522,0
-10.21459111277799,-9.796120675319598,0
9.431915599913864,10.06398811221188,2
0.2748983024107444,0.10394654276939781,1
-9.775811918463022,-9.81688892036996,0
-10.434425302449197,-10.422239132312967,0
-10.102806278224104,-10.111432259798738,0
20.30529844005305,-4.9185514067523055,3
20.07479257869252,-4.686473457774574,3
10.101545153038508,9.911379576958291,2
19.874789955918473,-5.088526974271372,3
20.110294787897427,-5.630007952295487,3
19.93074008784657,-4.5640218010036895,3
19.931182776779593,-5.013043084944159,3
0.011401043450460085,0.03600939801547839,1
10.20908632135322,9.899854153073196,2
-0.1676765541814765,0.11316356251935625,1
20.168864258052306,-5.263944306050616,3
0.19506035338759828,-0.029752759133814873,1
9.52564278939036,10.268511494222835,2
0.4429621049177687,0.41402740624423545,1
10.012275752618716,9.699343763265558,2
-10.357391049160794,-9.80303391740985,0
0.13108145092390494,0.3571938824359024,1
-9.646210844780851,-9.979744455576967,0
10.18666214321302,9.65835006466577,2
19.7526457515417,-5.18257691697191,3
19.875960451663016,-4.921915848025134,3
-0.012047385193303022,-0.42923253063541444,1
0.08011507976077765,0.2668892386870311,1
9.959707377558836,10.243242481947934,2
19.67382621834116,-5.3257475386655555,3
10.086608088783958,10.078096551631367,2
-9.9825373844662,-10.342891089349187,0
10.095752353125754,10.402135133806944,2
-9.698112157235668,-10.173067560856945,0
-0.41379576840435817,-0.2192790119825757,1
-0.46697456959792527,-0.12843454828977374,1
9.926181253561015,9.747026021405143,2
19.998321194351288,-4.799377503322246,3
10.191415330432227,10.150253342483337,2
-9.907659469332382,-10.513050517796987,0
-10.354977553799733,-10.61176965332803,0
19.543292244134634,-4.666193487503023,3
0.2167144073483314,-0.11184994562753009,1
-10.30363131257805,-10.496457001559731,0
10.300174695412894,9.798813937277007,2
0.7680253614806384,-0.02881796991739496,1
-0.31953409892261175,-0.0915674113064003,1
10.006265946488789,10.069210271715605,2
-10.069280359062603,-9.791138090555975,0
-10.637168717292942,-10.157726506504229,0
9.868984079187822,9.980160215612253,2
19.68232772388302,-4.55550097926122,3
0.21979202316467375,-0.024214974032574697,1
-9.652421326297778,-10.246204695505513,0
9.871209332644822,9.792273706037843,2
9.93205477034505,9.712168228982955,2
0.009601244719729988,-0.22602536110385502,1
-0.23579683815238484,-0.3993698860673334,1
19.43703418818744,-4.814086566210159,3
-9.82873284679205,-9.65933030794582,0
-0.04020515000187531,0.0044064584187591275,1
20.100517408725235,-4.905153212845167,3
-0.09680395165264072,-0.0752499049365142,1
0.344629710111631,-0.5219141336334299,1
9.621950570448226,9.815091577588158,2
19.97781573031748,-5.135497842847887,3
-0.07415321475617907,-0.20459527439933956,1
-9.792956802486666,-10.12036614156575,0
20.126028347135552,-4.817944822035298,3
-0.1338550299644339,-0.5668622192836593,1
0.08575961721747148,0.10033703699610749,1
0.18405539181912497,-0.30683776955952163,1
-9.996099432436628,-9.563939776852806,0
-10.391340850151456,-9.79909823535099,0
0.16965289368946324,-0.5282288277467453,1
0.008454347210738474,-0.002735698993261063,1
10.425880901354091,9.819872930278388,2
-9.752375095303591,-9.75594710919981,0
-10.248698503276621,-10.168054312059091,0
20.317980915213987,-4.81489821512699,3
10.036961442035345,10.16544561281214,2
0.19161906660875538,-0.34290147381914504,1
20.188858875266543,-5.241294727897998,3
-10.146281867221749,-10.129767456345887,0
9.805188088503572,10.396391209681903,2
-9.43539265105749,-9.596373986153507,0
10.22105316912773,9.915601732864536,2
20.2080436735742,-5.117603791975739,3
-10.513940358727263,-9.593838287750376,0
-0.29009284293876386,-0.014313406842593955,1
-9.922035161725473,-9.765453138466807,0
-10.371085213263424,-10.396136983925283,0
9.94894461324252,9.864031585201818,2
9.80693505030476,10.308988245274348,2
10.31173353622608,9.977270714039362,2
19.48225798136282,-5.203269395700697,3
9.960622909872308,10.023055564887631,2
0.08147365115861203,-0.3830245727460928,1
19.466423724798045,-4.904104452224307,3
0.04817219431495937,0.0009138060460243408,1
9.949556854424563,9.858372826690863,2
9.969953777056014,9.93889787494691,2
0.44135109824808255,-0.06279710314555983,1
-9.918862952266048,-10.015071432834741,0
10.417739590019298,9.924986045620313,2
0.26855796600831966,0.19055154050459086,1
0.1367663316244823,0.6495007034703252,1
9.26835485251707,9.959716251344108,2
-9.845485694108186,-8.844180552803584,0
-10.25403811542052,-10.454454167405759,0
10.426824440829982,10.277864620672478,2
9.994221886079682,9.92113275123752,2
0.4198066309758006,0.27739010487383065,1
20.1043029450615,-5.1461685692340655,3
19.849107568834597,-4.920953835400682,3
19.748424260465832,-5.266004276685037,3
10.32280214157958,10.006393494601582,2
20.43925317162573,-4.700942367960257,3
19.817637421797254,-5.161736810944694,3
9.835382527677712,10.027853470342334,2
10.063958988471306,9.774409200478354,2
9.802565053277423,9.908882191367,2
-10.500821584336412,-9.83699194228602,0
-9.976789507705714,-10.258385260398478,0
-10.23497598770087,-10.096618454861703,0
-9.266274406114952,-9.961233645407432,0
9.72888944178096,10.097307784516481,2
20.371231440405243,-5.137190496526037,3
-9.36008998760312,-10.58562633985675,0
-9.841058746625416,-9.56752941380263,0
-9.534654407343243,-9.965297609712142,0
19.551041223472975,-5.19500718032207,3
-9.616700531263472,-10.177471416650748,0
10.056874484979623,10.300313827770143,2
-0.019241503977897763,0.09862872309104412,1
10.275768680372561,9.799556774338301,2
9.641822498080284,10.042882928429112,2
-10.251916552654233,-10.179817793633207,0
20.13185036918607,-4.766319048946365,3
-0.20072182159797497,0.3119714062188229,1
0.10281760391331124,0.13702596574613518,1
-9.995821212426117,-10.007237526133,0
9.713069086954597,10.141721883364113,2
9.777258824290586,9.603993246633788,2
19.779747860366452,-4.975401333075932,3
-0.29688844097110123,0.28223135639646474,1
20.3791120032964,-5.253894793239721,3
-10.272407222656364,-10.423691110400588,0
-9.901921787870752,-10.065730158642658,0
0.09079063957170996,-0.22628275500580736,1
19.987152985606528,-4.982593179557481,3
-9.7559448347891,-10.369259294930186,0
-9.778460026001376,-9.94858951564301,0
20.17193834397236,-5.5357599475802335,3
20.21974763083394,-4.913382901152493,3
0.028836233082295007,-0.13868258661151273,1
20.473435417268654,-4.704365094315435,3
-0.001821273461967997,0.25154723233549253,1
9.941527515894196,10.34013102906012,2
0.5393059580548567,0.19225285838010295,1
20.35823282091421,-5.294349659341904,3
0.03161265184378797,-0.4002076484754613,1
-0.36290842285233227,0.17997861899886133,1
20.165442882571856,-4.897823235079851,3
10.056911850283118,9.801405346661017,2
0.05895635091044103,0.2127011272765537,1
9.784953303819158,9.440039014878082,2
9.692743952701239,10.556227769900257,2
10.36514755624765,10.456394815576735,2
9.945882495471277,10.41185454240296,2
-10.006270478189245,-9.964801785007365,0
0.035874110524245974,-0.29192068226446666,1
20.186620997091815,-4.601320004139377,3
-10.07209761944744,-10.112446242264879,0
19.69583121431224,-4.9742938515789925,3
19.71904808756312,-5.200333866940666,3
20.315584285316877,-5.299418188194323,3
19.911809915700747,-5.02147977555742,3
9.928320370249091,9.889952676455593,2
-0.4576968943710284,0.37877523102815464,1
20.022786580374827,-4.777195274492083,3
10.391302072863446,9.501252403589298,2
-0.33100998185216207,-0.6458671778857449,1
-10.172098602064072,-10.164057682372118,0
-0.0640328612790624,0.4472178410549856,1
-9.856306052276082,-9.899901368413916,0
10.519754499845527,10.66939004385779,2
9.814704431369695,9.905178143191884,2
-0.32769382940177366,-0.09492253490844058,1
-9.690700143251215,-9.720615964265141,0
0.2814851417927993,-0.15481341846521215,1
20.235017152784778,-5.075461665813349,3
19.989916230588886,-4.86357772635766,3
0.05761473494700947,-0.09273493926075041,1
-9.794121942887646,-10.483814761356896,0
-9.978530128834182,-10.143297234029536,0
10.02035665315822,10.255832102536665,2
-0.10873228242093964,-0.33590096838784317,1
9.893787786717693,9.82791946813093,2
20.150199716414363,-4.985067893845712,3
-0.0732469905871946,0.2892261504865072,1
-10.324318998279969,-9.815219317916721,0
-0.42654320002255314,0.450400095586646,1
20.166653793902675,-5.275605953445829,3
-9.998465963007261,-10.070376140012543,0
9.645756155407346,10.334296508400662,2
20.06902122775742,-4.850677073272582,3
20.26606621702919,-5.126228538104316,3
-9.916992760200994,-9.751845025289192,0
-0.1665598580079595,0.564347120832177,1
10.541304432936023,9.942728862481811,2
20.00468550018488,-4.7293168478640055,3
19.97136072587328,-5.532873900039935,3
-0.4436734706322386,0.05500797593374669,1
-9.608356357853701,-9.993698847510172,0
-10.211303107162827,-10.422538388909068,0
20.60368113371023,-4.692887136167905,3
20.14990553309088,-4.858399318724218,3
-9.970104590473708,-10.15104269623486,0
10.356215815469426,10.776869092605583,2
10.238279403886548,9.623713173049225,2
0.06740541772556577,0.27977724956192696,1
-10.28947703817403,-9.794184562000469,0
9.9581661172957,9.864943220544577,2
-10.082515509145493,-10.690576349420676,0
0.045125671543072926,0.10948830073986762,1
-0.18285366064778494,-0.0560913908956338,1
20.44308032783548,-5.350333865380381,3
-0.20204718727316054,0.08369824866714058,1
9.53387237019518,10.245366897407509,2
-9.855697230478986,-9.93283479271626,0
-10.366638342667583,-9.786100470948284,0
20.598700246935188,-4.067024433198392,3
0.27549498180069387,-0.47115018108695306,1
-9.707464079974674,-10.044117214450642,0
20.12292883878785,-5.258326373052071,3
-9.36335314089621,-9.690260421834656,0
20.19513502776084,-5.450924090527946,3
-10.010747811732985,-9.530606903255798,0
-9.742702113039394,-10.047981558989028,0
-10.378265186300514,-9.724641415883568,0
19.926984806187495,-5.089951458882465,3
9.990031002806662,9.937564942818238,2
-9.92931563256743,-9.76874044183391,0
0.09926406966433711,0.25005868848267737,1
19.835132859227425,-4.7421236339060595,3
20.028603259832394,-5.079034464824675,3
10.212835545141711,9.869354088829047,2
10.240122857568304,10.226287398944072,2
10.540153354453256,10.37168390588183,2
-10.03369841490725,-10.066290879859967,0
10.096950314255434,9.9557192241104,2
10.384493138501131,10.167307318217537,2
-9.943969970656877,-10.226614879705997,0
-10.34529807322669,-9.887290594496298,0
20.267059523337437,-4.689425199582875,3
-9.967181561618531,-9.782270012830393,0
-0.0663760870757316,-0.0830439899666762,1
-0.1930554691140429,0.2783520384243711,1
20.103136364464966,-5.014595705471136,3
-0.20042713609291463,0.2976127048609568,1
-9.98071599427136,-10.323323433378793,0
19.790968454471127,-4.825392029874582,3
10.00428192035093,9.713818174181007,2
20.11024449964229,-5.094058905851719,3
-9.500357666661227,-9.69568898049456,0
9.713463226195195,10.127079719678038,2
20.013054400593038,-4.832558145644448,3
10.080738082373532,9.897042317350778,2
10.296200354976731,9.977214692907243,2
0.023046567318076607,-0.3848976672565709,1
9.749457129510994,10.626861616508432,2
19.892111098264262,-4.909667798242477,3
19.809391283352312,-5.356899997727108,3
10.498377764364362,9.862871123024119,2
20.66563407003444,-5.047713563120015,3
19.690242828941738,-4.880621885015957,3
-10.073722919225784,-10.081817070924302,0
-10.311173846297937,-10.057101603425082,0
-10.27582727027014,-9.535019678494738,0
0.19281682796026317,0.3987457590397294,1
19.96173526388674,-4.546653520925796,3
9.920645547606817,9.398841290677973,2
10.105434462262474,10.321045071494929,2
10.062897824582388,9.852509144310385,2
9.931420025397994,9.701695187617446,2
-10.575631364589713,-10.007954162634766,0
0.3589894459936953,-0.18293487129581465,1
-10.321267749418334,-9.855258275427044,0
10.29255928893473,10.150328250981953,2
-9.753048824811426,-9.97800460984348,0
19.8487460506977,-5.024456801930493,3
-9.983282526313392,-9.671742544458715,0
20.243418966347477,-5.344478986625785,3
-0.18713068820874154,0.5742094061600358,1
19.745709821414273,-5.195626666577918,3
9.836765799365741,9.951162128178312,2
9.865803431302375,10.384304908520534,2
-0.165557443767734,0.7674597857004757,1
10.153931739452824,9.922135996724824,2
9.958765445611693,10.28586236416088,2
9.753274020285339,10.336309200197341,2
0.2952967195429751,-0.06419665326765268,1
19.939552539815743,-5.001956394568837,3
20.588776157159238,-4.9988912984456455,3
9.528737154379451,9.661969759327059,2
19.67445484203266,-5.247623158993687,3
-9.786712009538952,-9.866721006554188,0
10.03176833593457,10.175323894141746,2
20.30641498862882,-4.3734671681390225,3
19.647321618312546,-5.268520952682981,3
20.16304381360103,-4.940056869884386,3
-9.900305796406123,-10.224545960966966,0
19.58671474977373,-5.169432201251283,3
-9.808422262366788,-10.498456018680688,0
-9.85098575409663,-10.041479290351356,0
0.42615127439695644,-0.17122388812484288,1
19.888847570422993,-5.421670105753592,3
0.30955336184059046,-0.44566811191109157,1
-0.19132199527539479,-0.15929908650054528,1
-10.018803729181952,-9.713457303849628,0
0.01314344159373288,-0.04410060048854658,1
-10.180191606975642,-10.087508124937983,0
-10.08066660716645,-10.3319577726225,0
0.13799164288173493,-0.20331461092563183,1
9.791586060673282,9.877215268566069,2
-10.303849336100328,-9.905725800221418,0
10.021015648933954,10.348563490782457,2
19.829050121528372,-4.901147379328097,3
-10.21385373480315,-9.96807093169243,0
19.953230546619,-5.164486188947181,3
19.98147074004196,-4.8561675445741805,3
0.2610203192066263,0.1487045663917814,1
0.11060199266187035,-0.1180016436982082,1
-0.18041029318536408,0.0959345802427611,1
0.2033777614017807,-0.1463734224437108,1
-10.215533266375731,-10.064034145513554,0
-9.719296482055762,-9.618533471501753,0
20.088687346624127,-5.454992764826237,3
10.154172354897675,10.05387453458188,2
-10.318691114117831,-9.857922270809446,0
-10.176809427083263,-9.745119370893693,0
-9.902160093327364,-10.37533407291559,0
19.710872322136815,-5.287145274468513,3
9.929794042267906,10.1399075123339,2
-0.19478326351980213,-0.36718208002867697,1
9.947243678670379,10.498441049718405,2
-0.14495593868981219,0.47219602898700985,1
-9.89150919248571,-10.193535926381537,0
19.97496860906289,-5.434893565909559,3
9.855081684494968,10.044037903595665,2
-10.333172753639749,-9.474318866972913,0
0.1897223217166563,0.29176633488801895,1
9.66656261291889,10.0739514335296,2
9.643176432139802,10.492801885976789,2
20.075949571411396,-4.753896796216263,3
9.631135121664276,10.149009766970957,2
20.24563329312646,-4.5386204244762345,3
-10.048385713499803,-9.878784742955638,0
19.69499506142705,-5.07322414210226,3
-10.396069962106193,-9.450562370243693,0
0.07222595384657048,0.7805049342541185,1
19.777254730238486,-5.14559175061036,3
20.104895014189907,-5.469440831408616,3
-0.021149633417727364,0.14595049314786057,1
10.629916536749954,9.9258922897762,2
-9.922083249483556,-10.271294987531322,0
-0.18383660714531586,-0.11631046798079524,1
0.1674980737565167,0.02280161742372345,1
-10.005553940797716,-10.08659759167604,0
10.09241516185123,9.882505429773463,2
19.868970728828536,-5.481973130221604,3
0.6896694370857751,-0.10885156813189771,1
-0.16387333447574481,0.11754120162076395,1
20.14760565439784,-5.157810452800274,3
0.4841133807175941,0.13606029045419393,1
-10.073616434800861,-10.226120849307247,0
19.56464729298453,-5.003626684353816,3
20.111631641782058,-4.883252241299622,3
-9.896914513129461,-10.52891204660882,0
-0.1869421579274293,-0.1666431357480764,1
-9.51027660882051,-10.42904241338819,0
10.264932933144149,9.976648840896159,2
19.639039743383258,-5.312613323672931,3
0.361952689952507,-0.24508070129617082,1
20.140001294589823,-4.543698131852186,3
-0.420781581539908,0.5248730229560817,1
-9.948045722244645,-9.88440478608135,0
-10.269524401404507,-9.852424248548049,0
10.128644950099172,10.207931682178943,2
20.048005467755836,-4.849465179149736,3
20.267114949055937,-4.82743849516803,3
-0.2848196666495829,0.7897146194512172,1
10.052932466583167,9.889891648275004,2
-9.994469820080383,-9.895725488391498,0
-9.992646947722317,-9.850600512626364,0
20.117208776278442,-5.397941638493325,3
9.240913743176101,9.914198733435967,2
9.969023571955287,9.50704335665375,2
10.351937391275992,10.110892657659429,2
0.35897145049934737,-0.047558871908091,1
19.612321191468315,-4.793087658426442,3
-9.849724843712686,-10.293266573439565,0
-9.826878361845838,-10.060913615812899,0
-9.926510028667384,-10.15208295261134,0
0.25219306469661723,-0.19578719379071727,1
19.663236558126677,-5.275250846304279,3
9.649024949286913,9.138321336015505,2
-9.749292366380457,-10.338912056397286,0
-9.986328448028855,-10.195480104281746,0
20.192143938560246,-5.0571509317993435,3
19.672419829881406,-4.732925749749048,3
-9.970901210502184,-9.821452892368926,0
9.672880276767145,10.42327971392388,2
20.138961887629737,-5.410141341938074,3
19.759988430680707,-5.019057372384607,3
19.86025832926455,-5.0452513134700085,3
19.769001180140762,-5.388834999274969,3
-9.83587078564899,-10.060657795730169,0
9.672710070935441,9.876755713613624,2
9.624877679809085,10.18135459790661,2
-10.032109107986367,-10.310572696725812,0
-9.75624225328174,-9.593127991428753,0
20.105751490507064,-5.171105409924104,3
9.681281941555936,10.128492129162295,2
-10.163475726042686,-9.880259165694378,0
10.042265874073362,9.469468190331144,2
20.199777275616338,-4.873524016815663,3
-9.892663791895515,-9.83176464208953,0
20.365387745691667,-5.153958909354019,3
-0.4778981200595008,0.13214242138811969,1
-0.2818006181456263,-0.04322626671648464,1
-0.1094858188628656,-0.2517629002017019,1
20.571240976871902,-4.512212325391381,3
20.502035627089562,-4.597861684462895,3
19.17574854718243,-5.1499190528454895,3
0.6184510729909193,0.3625098691779427,1
10.561989332865263,10.324014419714395,2
20.15323762655828,-4.690825824312783,3
-0.14683183275546663,0.31324826312072157,1
0.34478199788570274,-0.2109529275377662,1
-10.071684414059924,-10.27226909861248,0
20.11589699534347,-5.061341366295837,3
0.19364525434232263,0.648976416991638,1
-9.985443511616552,-10.249285034923311,0
0.2226286116027921,0.08978777412194758,1
19.916311120900456,-5.08392805054875,3
0.1630800463783297,-0.11118429962583178,1
19.852063153280067,-4.566910398959355,3
-10.620232630011962,-10.026736011853837,0
-10.195550832340647,-9.985780398605076,0
-10.094580773392103,-9.77230923385202,0
-10.46519902931984,-9.979431107558192,0
-10.135019641443773,-9.81314502029575,0
19.975820075210972,-5.249916817100227,3
-0.11645304556236863,0.05112486671264631,1
-0.09649051536521479,0.6230243950682522,1
10.22164314426625,10.184610245203917,2
-0.13569189577472301,-0.727163797988687,1
-9.973885879528549,-10.08970220513976,0
19.50353376913151,-5.288013888583839,3
10.285937513612826,10.153925626029189,2
20.298971153173834,-5.13994861376846,3
10.117139454978666,9.969033474120252,2
9.517732040689308,9.771182566430136,2
-10.143752271353588,-10.055697692999145,0
20.205070796960143,-5.409786713360161,3
20.05155180193806,-4.834024634004565,3
20.025767901888,-5.66579011182426,3
19.916334981754773,-4.746452608644703,3
10.00015838765698,10.180362024678734,2
-0.13365075642023153,0.43601534313531026,1
19.81798991157041,-4.936614892316158,3
-10.065304360968167,-9.670366944403844,0
20.072396580475033,-5.345304225085852,3
-0.2927619758931998,0.31609253898235184,1
0.30908503620955263,0.07163674770795406,1
20.61696306944886,-5.339266530597775,3
20.227036603996094,-4.816259361795919,3
-0.22065898277692997,0.3708279525631312,1
9.657493265759948,9.941902162216085,2
-9.810165440168115,-9.318792142658681,0
9.853345173464119,9.664114770013297,2
20.237111568815514,-4.897984611629333,3
9.739101075617592,10.337630435324431,2
-9.738303808983797,-9.944997398278494,0
20.043466349929066,-4.992829087014513,3
-10.005704862370807,-10.300758809391343,0
19.83925956108431,-5.512207387277884,3
-9.93176201961876,-9.60785717371527,0
9.932960205288444,9.895204961164541,2
10.309763861302498,10.338011541048274,2
0.3869258262248237,0.2019544053809875,1
0.01788911097605224,-0.19408103331167217,1
10.316817042719816,10.066971674238747,2
-0.5508616119309889,0.1523973980737631,1
-0.07721296122700352,-0.5005752221632768,1
9.992327706342401,9.469277228533265,2
0.46263298577036266,0.6018278664477369,1
0.5182629510302134,0.13089710090220963,1
0.2848662406323971,-0.44546939053497103,1
10.618757475772943,9.679740125723718,2
9.99438737306623,9.883444464073333,2
19.83250947381619,-5.3300462698915085,3
20.16938177776808,-5.305899301607635,3
20.26074637774907,-5.1366618578071614,3
0.05331030027997615,-0.40060330761303037,1
19.731396103291093,-5.122430251748066,3
0.08021769422157088,0.09650934185880408,1
-9.940574571769643,-10.043308123577182,0
-10.247649159037753,-10.096415752495899,0
0.05430646761111208,-0.38904958438675397,1
19.901165664095874,-4.780438788713512,3
20.009839098623477,-5.227548600410021,3
-0.36772969890070234,-0.43931246406294605,1
19.820746941592507,-4.5732890414904475,3
9.437448259106276,10.034507823744224,2
-10.023130512824231,-9.897654407555008,0
-10.386988269922316,-10.388523631619085,0
-0.33681660646868955,0.11472292385521518,1
0.3952182196902977,0.05927988140771989,1
-10.193971865272758,-10.324464401084319,0
-10.002391792394985,-9.556016758332992,0
-0.2974177048368921,-0.6460170340811144,1
-9.844196045727648,-9.540178326099227,0
20.160351694544165,-4.73370337223785,3
0.6225782617875796,-0.20675634542687035,1
20.182016917740853,-5.054958985616117,3
-10.011290410727455,-9.669009435395044,0
-10.080822050333367,-9.784737323261211,0
9.807553927286706,10.146361685461322,2
-9.440267646656572,-9.857850123726465,0
10.000062119475459,9.997209903658415,2
-10.067038835597755,-9.785799851772373,0
-0.17135369693483904,0.17177483440684757,1
0.4738716437192137,-0.15685800814598047,1
0.3072187577434387,0.17775808476035493,1
10.622224800924991,9.724184622524072,2
-10.741493350038187,-10.239068576641143,0
20.597754605950435,-5.229996976335005,3
20.52664270949465,-4.528094082435543,3
0.21828886309109394,0.01558376574218983,1
-10.076493165226257,-9.548802103425194,0
9.272727921918118,10.265213618908314,2
19.594677690137594,-5.396737387023071,3
9.231299902361407,9.942691671219949,2
-0.4344041701248732,-0.6596417869860246,1
-0.10459564032235776,-0.10477731129552863,1
9.566843555159938,9.311145714058828,2
0.298880045834142,-0.14812697494839375,1
-9.52204401200818,-10.153364702929355,0
-9.877524173285659,-10.510775081271351,0
-0.16927427959721658,0.05536539095911109,1
0.45022793719029325,0.25506652263404783,1
-0.30048600296847466,-0.08433008786578647,1
10.060170759169283,10.344591204828614,2
19.990568248887566,-5.2545285902572445,3
-9.682472653945124,-10.527621845926934,0
-0.009938091862139129,0.5383673590553363,1
-9.822069622609485,-10.092863931794197,0
10.166681339801034,10.026874204376576,2
-0.033367818404610096,-0.2711722924394369,1
19.78435028371738,-4.776498406136816,3
-9.92741131853019,-10.57398407339734,0
-10.533616074671283,-9.551186706553246,0
10.149466524549036,10.34204471155638,2
-9.84341753031493,-9.910904598030044,0
-9.970200308371233,-9.774583862988463,0
20.007616526162725,-5.575901946859297,3
20.254529264661585,-5.674066800195382,3
9.834838945152525,9.633786272225752,2
-9.356816773202402,-9.809824293304597,0
20.46886663055246,-5.082197924548791,3
0.03756735079437218,-0.1288216623375759,1
19.78071311728536,-4.772623445022914,3
9.816469272728414,9.988888960885477,2
19.623047931716222,-4.756038443975607,3
0.06717424021939843,0.40924212899215323,1
10.007265837001828,10.42366616662463,2
-9.970876735195588,-9.709406502840134,0
19.624281966676065,-4.8909104352125095,3
0.501771716051311,0.12570570280981355,1
0.49002945969032874,-0.34390361790560636,1
9.831349592026509,9.937233437876642,2
-0.05248792700862259,-0.2267235478478534,1
10.153360779857493,10.412097563548887,2
10.285092277592073,10.513184011774577,2
19.842125643044774,-4.583498666537466,3
20.251682150140883,-5.185175955964077,3
9.961438746568321,9.435445286350708,2
-10.809065992882472,-10.016288459955344,0
9.933039323609558,10.446959031580624,2
-9.965731705401389,-9.954909471561436,0
-10.019823939594195,-10.363304859928737,0
-10.228977746962755,-10.541464630199355,0
19.900607485045004,-5.183671020352325,3
9.992078272912321,10.084048347645883,2
10.013080733911735,10.508515312129227,2
19.544637875995758,-5.1071087602419825,3
0.2045674468878934,0.55401219772081,1
-9.227992059025041,-9.982234469795653,0
-10.209917652397776,-9.935806026779733,0
9.99417411823368,9.909046065149717,2
-0.19168852430685066,-0.3969269380222495,1
-10.511014731806547,-10.016664309668986,0
10.393092623835882,10.418705143236988,2
-9.923191079705838,-9.705192704816346,0
0.5180891553700215,-0.1198908556843807,1
20.42101099103756,-4.790629018238292,3
9.629695338436024,9.822260722254132,2
9.787477969926861,9.545885682216152,2
0.4146476973112581,0.19461296627689278,1
-9.888656237988608,-10.181195556014746,0
-0.1912161381919553,0.35670495933226554,1
10.030556888578596,10.464706045448557,2
9.912456619325337,9.531042757391003,2
-0.05178818998224589,0.2650979812460017,1
-0.15518653503011165,0.42280423205567397,1
-9.556631786577546,-10.155481065482094,0
0.4592252497031092,0.365628555509195,1
20.179168465476014,-5.28450440126726,3
10.113130118170655,9.991221155894506,2
-0.15528338971085143,0.06713638549166955,1
-10.460234251220687,-9.616696953430447,0
10.447806570687856,9.918662919687229,2
0.19756328180184912,0.6030613616299049,1
0.29940303295789567,-0.8688766134581067,1
19.44614364132857,-5.2788532580577225,3
10.190625409062768,9.628222481543958,2
10.607081865768892,10.002039953368,2
-10.398455814669529,-9.940941629239262,0
-9.651050874353512,-9.996930081694124,0
20.13718412138457,-4.56325330335597,3
-10.204007416473548,-9.9303238908517,0
-10.080962480588012,-10.293629114734692,0
20.279657469278117,-5.070966586165683,3
20.04237714202624,-5.63916994394216,3
-0.5981206927714366,0.11221697095427163,1
9.754540334973308,9.998987662776715,2
19.87610065335697,-5.278009492654193,3
20.01147139848801,-5.4345774243900635,3
-10.034361953575786,-9.628655106407962,0
10.79330300410511,9.549108901481453,2
-9.381775622535404,-9.473397747267038,0
10.723784626483875,10.235381286369407,2
10.20177211036082,10.569964580468564,2
9.803777295061773,9.450810130943063,2
9.92236118119987,10.479594151151415,2
19.426323507374068,-5.02059021382564,3
-10.102814354958031,-10.240683180766485,0
10.222247303626038,9.846035930058525,2
-10.266854328887657,-10.244743085489631,0
19.467129430130505,-4.877404156555799,3
20.285434783117427,-5.109952106110415,3
9.354455379601209,9.784254004227273,2
20.314195311986435,-4.649123002271668,3
20.596118333509832,-5.15929126934359,3
20.328940770143266,-5.187703186248863,3
10.196770232958928,10.058420858415632,2
-10.226905223585291,-10.426676112879303,0
-9.97402306375813,-10.046703170617624,0
-10.074689244543722,-9.708528714713694,0
0.01710393746912535,0.08057768365897708,1
-9.354045262746533,-10.230204268866414,0
-10.278079141473425,-10.01785760681854,0
9.86908423284203,9.96711705882225,2
-10.251765256966792,-10.092763712755364,0
20.097217108466467,-5.3443074169447,3
10.190416440568532,10.332909952586867,2
0.39845824255471735,0.16686900282019798,1
20.54976711304376,-4.75575447136452,3
-10.057708289434336,-9.909535797299917,0
-10.227739798466109,-9.954881864057137,0
19.943931152551404,-5.489141973114542,3
-0.16509154615362603,-0.20148701038141545,1
19.70125538156293,-4.8046591274529025,3
0.09640716463508192,0.12657622627058543,1
19.89457572928588,-4.530975992350368,3
9.494968542333716,9.758238980051143,2
0.040062271434684694,-0.04574095091416317,1
20.029420261861684,-4.611238465441096,3
-0.04153679519513214,-0.3672894708868097,1
0.5207891409495747,0.05937323503879433,1
9.882472555286853,9.723276944650449,2
-9.445313171516396,-9.662030491135672,0
-9.898451077751675,-10.12458637417024,0
19.673110088797284,-5.235428572438311,3
9.66828859945422,9.93552369091338,2
20.118139189464877,-5.578301773803683,3
-9.343059120034699,-10.242489485606546,0
-9.710987161226704,-9.876165721919051,0
-0.07237081735689896,0.10561661895428903,1
19.37389189441938,-5.17538531919716,3
10.110186194020402,10.551455103038537,2
-10.242548080867957,-10.150527113075361,0
10.261389189237173,9.596206095925975,2
20.08897266354223,-4.861044561419725,3
9.860189049439528,9.521589079819961,2
-0.16724753550235008,-0.41094089387372335,1
9.960209876085228,9.707641208598808,2
-10.187445573308704,-9.99217268493675,0
-10.23184756436127,-10.071045582022002,0
-0.2506041159779272,0.6435447383320164,1
19.840635711617722,-4.8548370046435885,3
20.19545659740185,-5.341305701127445,3
-0.004592954751898667,0.17378744988032652,1
-10.047402369573696,-10.128064320984226,0
10.197773700529721,10.281271041287967,2
9.932543205457577,9.804999225752962,2
0.12888546573977575,0.062306306148933344,1
19.817940446642847,-4.862694024183934,3
0.016994977469132148,0.15890782630701925,1
20.165689981303856,-4.8123107199062,3
-0.40413788685890895,-0.2914842115531954,1
-10.360088922116732,-10.100350370752285,0
0.17093018406966118,0.13431256800519448,1
20.36926235394642,-4.494495716387447,3
20.521669899139273,-4.706342584765461,3
-10.137808269862074,-10.254953310839438,0
19.883860805063147,-5.013623365379671,3
-9.65256673794998,-9.762501191811118,0
10.289455489929237,10.48467484706447,2
0.22600248633135975,0.11434751546483332,1
-0.004926868821825622,0.3565179820344252,1
10.037913873863923,10.581678699717486,2
20.36002368692806,-5.147570734251862,3
-9.786515536573333,-10.337392627551361,0
10.098023429380696,10.090142307883248,2
-9.891581318347475,-9.538589030060209,0
-10.0098259810648,-10.16302743134013,0
-10.296881446077574,-10.037736076029894,0
19.963187319921282,-4.9719882877170045,3
10.176008140442583,9.857528903013243,2
-0.1745042741845931,-0.30442701920786003,1
10.285940990173973,10.086137249560547,2
-9.88166435728651,-10.12629534424608,0
9.968665234438758,9.949353483042996,2
20.509987212372913,-4.678537054329534,3
-0.05558629766331249,-0.03894620992002785,1
0.19569686352402588,-0.4729176470952748,1
0.14820905588482164,0.07820212974717212,1
10.215927382644455,9.612018112638651,2
0.35684114667739214,-0.3682823445410977,1
10.04795691759922,9.691697457722213,2
19.90379971233284,-4.461436593226304,3
0.4926045480409107,0.30294512680279023,1
-9.657153155645494,-9.774420090193967,0
10.006739767843614,10.164135734552563,2
10.139928994730058,9.989307555310756,2
0.31486581459580054,-0.1605705634681704,1
0.3236042500293887,-0.011552540850212163,1
19.938242170735897,-5.223973503962072,3
-0.22618937666000288,-0.08420252306003222,1
10.607292886986055,9.591047798622157,2
20.025595442769507,-5.242479716492278,3
-10.245466204970041,-9.372283817294361,0
-9.626174442250711,-10.622017069722444,0
20.374067514660418,-5.018601202809809,3
20.087657818497913,-5.056198705521912,3
0.1320043350159997,-0.15061626730578334,1
-9.97069717043535,-10.23190293515664,0
-0.014839112895729884,0.2024458476499811,1
-9.87596952903289,-9.43696125623258,0
0.1838321715187709,-0.31602466895209685,1
19.875141678534423,-5.339020801712107,3
10.084986361463843,9.922328507888777,2
20.104940007370374,-5.301216379052603,3
19.626284787066083,-4.983519766700045,3
0.17517845559778916,-0.10778762723611786,1
9.932056332429543,10.110209652044853,2
20.140780276942557,-5.4606716369621315,3
20.02514798837881,-4.5768622564389485,3
19.841306687580797,-5.316967292828076,3
20.561289552611534,-4.883115746788729,3
19.84507110683373,-5.058939975028429,3
-10.032628044537057,-9.879486483370318,0
10.491989358811418,10.222638247321568,2
9.751722933805384,10.025843164913912,2
19.665042668015403,-4.629256513997919,3
20.204998697843322,-5.062794145873808,3
19.96236372199913,-4.901636142752193,3
-0.0010807617271705212,-0.3475094067577628,1
9.899567400368039,9.8789054610274,2
0.024685196782627254,0.31964411251960534,1
0.23150961319450342,-0.8545627861890226,1
20.370734657546645,-5.3213161038947145,3
0.16148882371488987,0.3217522011929406,1
19.892069406263275,-5.397814305824611,3
0.7210246755714825,-0.017285639110075617,1
-10.100735409787038,-9.499293542413183,0
9.811984832623011,10.258718041714827,2
-0.21552217967075923,0.2684773130833324,1
9.91944080562825,9.732642332375415,2
-9.803690303093783,-10.016675401273137,0
-9.526236155347782,-9.769769581254128,0
-9.78349838078703,-10.33871553136517,0
20.35391756250821,-4.941767710713993,3
10.483666188476628,10.26905179475966,2
-9.619926655244013,-10.212300839685634,0
10.22325759144998,9.94563274803457,2
20.131021565520054,-4.878711573511491,3
9.641908950473056,10.275746252083,2
-9.49385750947823,-9.735508072915165,0
20.46624812621443,-4.743807207034333,3
-10.180511983668818,-9.444316544647318,0
-10.045535528510674,-9.823504838054626,0
-10.507739388914446,-9.541134904161815,0
-9.897473207266852,-9.437148748235234,0
-9.866854171556131,-9.7676097839712,0
20.137331859845567,-4.497652269995739,3
19.73951218043709,-4.8396112741632695,3
20.14995923712211,-5.419791852440582,3
19.83939947389513,-4.892463914537114,3
20.062180198819682,-4.979196698889125,3
20.100252925173468,-5.046577714647425,3
19.669312355049072,-4.795592146867116,3
19.811220981892163,-4.5398816870250505,3
-0.02464535351777064,0.3351887494764383,1
-0.475170847045717,0.2281243968432892,1
20.20964852606076,-4.873708116683183,3
0.2945296460974783,-0.09744941505258674,1
-10.132013346009096,-9.960777826814173,0
20.02556283489017,-5.897340791270217,3
0.27572294489633054,-0.0870823632565954,1
-0.5078870442586156,-0.029501888038424965,1
10.337233815995804,10.284257938636857,2
20.273408816652417,-4.968273862618556,3
0.363929309993755,0.04251507409197142,1
10.212464326976967,10.06996483937905,2
19.98427866482676,-4.488768345123352,3
0.18654298866515892,-0.4710674159671369,1
10.079608704819888,9.825172402716525,2
-9.892895354210486,-10.207872878578197,0
0.7580797277620864,-0.15926063187609618,1
20.17850883975067,-5.167226915932496,3
20.199893750272764,-4.8612226121438145,3
-0.4168717400290788,-0.4936196240870675,1
10.017979789079899,10.083213081387457,2
20.542791904919934,-5.065413768617712,3
10.238046616165663,9.475440408028545,2
0.647192463979651,-0.1817144769010015,1
-0.3884044427162717,0.3482480362135558,1
-9.884780365318209,-10.009808424428227,0
9.698037230416107,10.341963568338713,2
0.16095295307112106,-0.26954039453731116,1
-10.021603036474101,-9.698940130632392,0
-0.3840913196012683,0.26173719848404337,1
-10.158928061130112,-9.846019770065993,0
9.729813779605639,10.191517577682514,2
10.168275834382372,9.911355904591252,2
10.330287890499571,10.587504236266177,2
19.7544714002174,-4.5402896825965655,3
19.722372612182124,-4.923384873297705,3
-9.890020526170945,-10.281963935898206,0
9.816268787607868,10.10845105756183,2
20.144620018200616,-4.889380055804744,3
10.39513452020196,9.964579441902677,2
10.484612706840833,9.903303859236598,2
19.85383912364152,-5.1055763953449524,3
-10.561237576307757,-10.105454045212392,0
10.408197578751595,9.607353880264267,2
-10.203076600091787,-9.81649711334774,0
-9.812764054884353,-9.811496347220716,0
-10.297160897539207,-10.169889318880832,0
9.864025477293096,10.435740260341223,2
-0.24110237039091922,0.49173504163322024,1
0.3220895249579316,-0.3079545898233181,1
-10.159077285511732,-10.237861849678703,0
-9.714872848544186,-10.17307109669872,0
10.1309679412473,10.271180452325858,2
19.75086667803303,-4.843245768420273,3
19.610125628921722,-4.751080274636248,3
9.871226673910401,10.176565980931215,2
10.325735897481804,10.029394946041268,2
0.008495512839138351,0.008926841848723556,1
9.806131807046858,10.532593267782854,2
19.864996142601257,-4.622855234941228,3
20.059187679689362,-4.906607397967135,3
-0.21150355672752266,-0.016730723297311803,1
9.678358296404317,9.123594854951618,2
10.036801094798438,10.487403537540867,2
0.1472924854914754,0.22046333581494523,1
-10.079397049971387,-9.183949250023115,0
0.06733554556799161,0.3141294907836463,1
9.983531799815115,10.085666222457297,2
20.32453001830185,-5.393665758029422,3
0.4696572087703021,-0.01972507832189634,1
-10.195192770736549,-10.146137615129408,0
9.904045743023547,10.045527397674622,2
-10.00404916742138,-10.31731327868677,0
-9.965944796424626,-9.801360797643685,0
-9.979741538593624,-10.427424455864037,0
9.548583887790699,10.228016789106881,2
9.95107991081687,9.776529206558065,2
19.668541162081244,-4.93383757189584,3
0.2988143057417449,-0.22703852657083823,1
19.947330816350235,-4.799403558572628,3
0.05396824534604353,0.4176006859033798,1
-9.639635823350817,-10.122422611906465,0
10.058315290473201,9.894050112156794,2
0.21243260300657713,0.28701069503837523,1
9.992043622225282,9.735437604631684,2
19.802649633844357,-4.743642431880016,3
-9.688738016722631,-10.153004919656425,0
-10.232136759731072,-10.373396410993426,0
-9.82703291108327,-9.906624953636939,0
0.06087690625538991,-0.45472323449916957,1
0.23574004759524964,0.12763726853548943,1
9.967809356798732,10.134315077743084,2
-10.198787127683755,-9.828820399422053,0
-0.007508087623543175,0.24532988976008613,1
20.05515035489675,-4.192089900805851,3
9.094146353253752,10.05515486342611,2
-0.026920708286168014,0.4320351646348418,1
-10.03837527744423,-10.286662132180128,0
10.020097215167462,10.15478176531123,2
10.11772479015363,9.84731091228775,2
-9.434144229636841,-9.94762665615045,0
9.821301611786952,10.412331427951246,2
9.872092721138337,10.344533712759027,2
-10.23775622152981,-10.034420932440069,0
9.860614810810482,10.060347896761852,2
-10.1730313991705,-9.773382632252273,0
9.907237276885041,9.774353078322825,2
0.20946699408407696,0.11804561562652488,1
20.12258219231053,-5.092342541341665,3
-0.1329846753574531,-0.26544081420807025,1
20.091145578681463,-4.783531248462157,3
20.340686044154882,-5.33188805372349,3
-10.26515723086034,-9.953882468216342,0
-10.117632445939647,-10.439054484439636,0
-10.219109989515141,-9.935062423125407,0
20.26911985906614,-4.617537487616383,3
0.6957988619945082,0.11799535181831156,1
-10.183455340897584,-10.421998329054468,0
19.714424461993328,-4.976755844444341,3
10.142907330806866,10.151641047749989,2
-0.050136514135923446,0.08477398514648989,1
10.201144185172364,9.678442830087953,2
-0.06628925214889918,0.008065751698359233,1
-9.691253308802306,-9.858220755276086,0
19.93489488487269,-5.092544836536746,3
20.052563425672552,-4.104422299218977,3
10.37971235225941,9.740147545535649,2
-9.913067542931076,-9.377379760406368,0
-9.900620970578931,-9.707336461863292,0
20.098346351852925,-4.7227189581386515,3
10.651282815249344,9.9472342562703,2
10.049428252370955,10.015266310556806,2
9.336441426601148,10.460030110388898,2
19.723442056062407,-5.301187211624449,3
-9.470363727915672,-9.878505486711713,0
10.264699918697023,9.864372900150077,2
0.6168621389820966,-0.3309625097165049,1
10.121119027100983,9.992741318082725,2
20.16466515059521,-5.07648673806611,3
-9.722146735740507,-9.427175007858962,0
-10.14157955973683,-9.67331482090979,0
-10.154160075201007,-10.317764056566686,0
19.60422584162037,-5.060894191218697,3
-0.005891339678004364,0.1657469863251443,1
-9.924852144896237,-9.896065537150907,0
19.660815399518743,-4.813186632829919,3
9.888337967178684,10.326624585911256,2
10.186471566956815,9.88911689918691,2
10.274075387869974,9.759046314795896,2
10.454034922972639,10.189243505366433,2
-9.756141364348313,-9.811111347422916,0
19.992934354737727,-5.0523062773708505,3
19.867086793661457,-5.143847890219773,3
-0.4079568422939758,0.2238760698081662,1
0.09264990377968914,0.5106644833905714,1
-0.4033351533102831,-0.27559558394525946,1
9.359297735806392,10.941324560097998,2
10.089625872509705,9.774462684971445,2
19.7332277515315,-4.713409832528674,3
9.763664874427528,9.813745720524665,2
9.877889106121966,10.20589553708701,2
10.033981123161329,9.56851660650479,2
19.21873584301186,-4.940315555961051,3
10.252186007951366,10.164020070460413,2
0.32000240687674614,0.3507886771337018,1
-0.27696997383327127,-0.4055053816849001,1
0.010225040477767821,-0.23099196931759253,1
10.078768398700577,10.058076973410264,2
20.321893414329804,-4.290838251614192,3
19.725142425355628,-5.249546662469133,3
20.021611058385123,-5.063662690970346,3
-0.08848490348760833,0.3743226218021201,1
20.002118947588453,-5.198096341842034,3
-9.751178325644954,-10.663340592702365,0
19.986346326409627,-5.127270900019413,3
9.656882137803802,10.032567911732958,2
9.40896885468645,10.267779201489793,2
9.596238722958036,9.754222642083551,2
0.1706949237555826,0.4885189869385614,1
0.4510194905301452,0.2632086871727014,1
-9.722791894237929,-10.055470640932898,0
0.057329720405971,0.013930964446844643,1
0.01934232444303607,-0.5926399699061614,1
-10.141311491685498,-9.930385018792709,0
19.852653875857367,-5.0854626480109015,3
-0.045016676109758014,0.03767293604146268,1
0.04993566246391683,0.14773537920244473,1
-0.1741570349414168,0.17657352132618287,1
20.524875171261627,-4.5855637763928545,3
10.022630091670479,9.519410256430849,2
0.003105785953014182,-0.3935508697050479,1
20.88472832759262,-4.626596125778964,3
9.291120269337448,9.69708078858702,2
9.468090259537936,10.378576450214197,2
20.078132679000067,-5.161652556857821,3
20.125519466266606,-4.5795204221160715,3
9.762274023700012,9.907611541108288,2
-10.413300810387128,-10.281347511974538,0
-10.552262269399494,-10.38387309002071,0
9.189030312100229,10.203362595859272,2
0.30677112960289205,0.7319257219017818,1
9.678177092278059,10.071774059233345,2
-10.47832829763831,-10.179812506886131,0
-9.79541410861151,-10.093080026978036,0
-10.24666611866993,-9.926893836552427,0
9.695253454306481,10.018503954954392,2
-9.567618013280166,-10.430758645353832,0
9.97519579424719,9.963475747485015,2
9.99174552848481,10.531675479000922,2
20.21135196194742,-4.763282993787344,3
20.067592376612282,-5.110858078650008,3
-10.454557318659566,-9.589937719766642,0
20.179638316868573,-4.799497853384576,3
9.839401544213823,9.972840015308751,2
19.96513128706341,-4.935586045048842,3
20.171617232514244,-5.018657305099794,3
20.077325762042825,-5.372528172644487,3
-9.564656917661488,-9.712218752174438,0
9.945856025922811,10.957932270353458,2
0.3585139886774527,-0.4569560714351324,1
10.483683477396594,10.394474336075215,2
-0.3243169621224787,0.3159458559998711,1
19.884808618414294,-4.924939938124492,3
10.173889951964073,10.09773889497465,2
20.208661327269734,-4.745269366777057,3
20.33521964477074,-4.5654502310321226,3
10.006238112302622,9.78159911763126,2
-10.624578822365116,-9.491063089512988,0
9.517701691864582,10.055422173668717,2
9.519728806457046,9.751450892565925,2
-9.948740368561618,-10.055195000905803,0
20.11604255620676,-4.67270587244421,3
-9.91570243967949,-10.186809855946178,0
-0.17269134787133217,0.03660294439360843,1
20.20374283263146,-5.09061364984696,3
-9.725379364689378,-9.901374667102095,0
0.4642515603990185,0.5387633019286565,1
-9.848503816305863,-9.740273441748963,0
19.82333995197839,-5.25117872931491,3
20.586247230125085,-5.151724011278581,3
0.46515014784422304,-0.29950621222163726,1
10.000361642608667,9.754873410679544,2
10.23350832284999,9.83464428510144,2
0.4783515189674916,-0.25408840449549835,1
-9.937340921498574,-10.587901037163933,0
20.06503266912879,-5.329190758289853,3
9.813205191479664,10.058382236571173,2
-0.05720472022900397,0.06522986195391686,1
-0.010496547149088509,0.531240190690653,1
9.459058097123217,9.524759217098353,2
-10.163314817357556,-9.96672322308704,0
-0.18766881045285883,0.1187410600312227,1
20.728014945903656,-4.870112052391791,3
9.531236242934037,9.841284196796112,2
19.98533084495777,-5.421556954041073,3
-10.062436675107183,-10.14790028039765,0
10.208916234237014,10.286591562571154,2
-0.08926905100799758,0.4127120439934858,1
0.4585405279237595,0.1523507268868871,1
-0.022330028730013884,0.1862016292652034,1
10.178067016684258,9.117883409600715,2
9.857133737936602,10.262316754213819,2
-9.902774809181562,-10.115524684124894,0
19.81824175377233,-4.484186628137811,3
0.43409336530611986,0.058966432953472384,1
0.1792200209549574,0.2103518226932695,1
10.156336728513802,10.193564675785018,2
-10.139025307843738,-10.139718926071078,0
9.756742746636899,9.622726642325615,2
-0.41006360952462634,-0.06742962056780506,1
10.242136778991194,9.707936140088659,2
20.292745015803412,-4.724463666817276,3
-0.12605604512875718,-0.08453538265815216,1
-10.258124009585186,-10.115366663268947,0
0.32576866974947344,0.14240946986398584,1
-10.482244970368368,-9.94460984244031,0
20.276540450593174,-4.855193633837236,3
-9.941246423470696,-10.29351183328451,0
-10.30180521444991,-10.364256583836319,0
9.700484368243513,10.09053756994584,2
-0.2497066719312686,0.14142466691592123,1
-0.2965773321452752,-0.33107679516473126,1
0.06251484238426575,-0.6125204605272871,1
9.699900602618328,9.796676508842545,2
-10.003674031854075,-10.269176311445749,0
0.417062264705194,0.16734309190555866,1
0.03668925090968513,0.16298940871091636,1
-0.007666221297433583,0.3518187057778094,1
0.35571124639889906,0.21568599319952,1
-10.51747534975391,-10.168686258772292,0
20.144674685804198,-5.371298726698189,3
-0.35627952570885385,0.09294621306810825,1
-0.17295312021801582,-0.7773126876434729,1
-10.034694484716471,-10.090331108676788,0
20.260746819316783,-4.733812748819977,3
20.18765240504931,-4.734430555103303,3
0.3767268376720562,-0.2683821906658512,1
19.913765744179894,-4.913801328679098,3
0.3905223868196394,0.4684533590180558,1
20.33730600796115,-5.100223169293982,3
10.366310108657606,10.174629311040585,2
-0.18809011733633021,0.5437345673990785,1
-9.305602429997947,-10.560179557777523,0
0.6265124114342182,-0.04187688844655212,1
-9.898719201377439,-10.12356308983674,0
20.02752574533451,-4.924327881071997,3
9.951960161330009,10.20140202293514,2
9.34819913619579,10.254226503145127,2
0.114580635669466,0.12901249415732088,1
19.78712604357525,-5.3775514732026,3
-0.7661763404705865,0.2802959733717821,1
-0.1095964653936326,0.05540409175947252,1
0.28916373503847287,0.6631569004774054,1
0.07481510511322657,0.4732359839290423,1
-0.3731589706173855,-0.2078715593387722,1
-0.06270697718580757,-0.25515613626279005,1
19.941590811164996,-5.01925645313255,3
